Workbook
Name _100mm: Wall!$AK$11:$AK$14
Name _150mm: Wall!$AL$11:$AL$14
Name _200mm: Wall!$AM$11:$AM$14
Name A: Wall!$AK$11:$AM$11
Name B: Wall!$AK$12:$AM$12
Name C_: Wall!$AK$13:$AM$13
Name D: Wall!$AK$14:$AM$14

Sheet Home Page
A1: STRUCTURAL ESTIMATE
A12: FOOTING | B12: WALL FOOTING | C12: COLUMN | D12: BEAM | E12: SLAB | F12: WALL | G12: MATERIALS PRICE LIST

Sheet Footing
B1: FOOTING ESTIMATE
B6: FOOTING DETAILS
B7: FOOTING | C7: Quantity | D7: Concrete | G7: Concrete Mix Class | I7: Reinforcement (Rebar Length = Automatic)
G8: AA
D9: Length (m) | E9: Width (m) | F9: Thickness (m) | G9: Concrete Cover (mm) | H9: Depth (m) | I9: Along Length | N9: Along Width | AL9: Concrete Volume | AM9: Excavation | AN9: Backfill | AO9: AREA
I10: Bar Size | J10: Economical Bar Length (m) | K10: Cutting Length | L10: Top Bar (pcs) | M10: Bottom Bar (pcs) | N10: Bar Size | O10: Economical Bar Length (m) | P10: Cutting Length | Q10: Top Bar (pcs) | R10: Bottom Bar (pcs) | X10: Tie Wire | Y10: Tie Wire | AY10: Bar size | AZ10: Bar Length | BA10: Along Length | BB10: Quantity | BC10: Along Width | BD10: Quantity
B11: F-1 | C11: 4 | D11: 1.5 | E11: 2 | F11: 0.3 | G11: 70 | H11: 1.5 | I11: 16mm Ø | J11: =AI11 -> 12 | K11: =D11-0.002*G11+2*F11/2 -> 1.66 | L11: 10 | M11: 10 | N11: 12mm Ø | O11: =AX11 -> 9 | P11: =E11-0.002*G11+2*F11/2 -> 2.16 | Q11: 8 | R11: 8 | V11: 10mm Ø | W11: 0.61735018 | X11: =IF(C11>0,Z11*J11*VLOOKUP(I11,$V$11:$W$17,2,FALSE),"") -> 227.57997 | Y11: =IF(C11>0,O11*AA11*VLOOKUP(I11,$V$11:$W$17,2,FALSE),"") -> 227.57997 | Z11: =IF(C11>0,CEILING(C11*K11*(L11+M11)/J11,1),"") -> 12 | AA11: =IF(C11>0,CEILING(C11*P11*(Q11+R11)/O11,1),"") -> 16 | AB11: =K11 -> 1.66 | AC11: =IF(C11>0,AC$21-$AB11*FLOOR(AC$21/$AB11,1),"") -> 1.02 | AD11: =IF(D11>0,AD$21-$AB11*FLOOR(AD$21/$AB11,1),"") -> 0.86 | AE11: =IF(E11>0,AE$21-$AB11*FLOOR(AE$21/$AB11,1),"") -> 0.7 | AF11: =IF(F11>0,AF$21-$AB11*FLOOR(AF$21/$AB11,1),"") -> 0.54 | AG11: =IF(G11>0,AG$21-$AB11*FLOOR(AG$21/$AB11,1),"") -> 0.38 | AH11: =IF(AB11>0,SMALL(AC11:AG11,1),"") -> 0.38 | AI11: =IF(AB11>0,HLOOKUP(AH11,AC11:AG21,11,FALSE),"") -> 12 | AJ11: AA | AK11: 12 | AL11: =C11*D11*E11*F11 -> 3.6 | AM11: =C11*D11*E11*H11*1.05 -> 18.9 | AN11: =AM11-(AL11*1.05) -> 15.12 | AO11: =D11*E11*C11 -> 12 | AQ11: =P11 -> 2.16 | AR11: =IF(C11>0,AR$21-$AQ11*FLOOR(AR$21/$AQ11,1),"") -> 1.68 | AS11: =IF(D11>0,AS$21-$AQ11*FLOOR(AS$21/$AQ11,1),"") -> 1.02 | AT11: =IF(E11>0,AT$21-$AQ11*FLOOR(AT$21/$AQ11,1),"") -> 0.36 | AU11: =IF(F11>0,AU$21-$AQ11*FLOOR(AU$21/$AQ11,1),"") -> 1.86 | AV11: =IF(G11>0,AV$21-$AQ11*FLOOR(AV$21/$AQ11,1),"") -> 1.2 | AW11: =IF(AQ11>0,SMALL(AR11:AV11,1),"") -> 0.36 | AX11: =IF(AQ11>0,HLOOKUP(AW11,AR11:AV21,11,FALSE),"") -> 9
B12: F-2 | J12: =AI12 | K12: =D12-0.002*G12+2*F12/2 -> 0 | O12: =AX12 | P12: =E12-0.002*G12+2*F12/2 -> 0 | V12: 12mm Ø | W12: 0.88898426 | X12: =IF(C12>0,Z12*J12*VLOOKUP(I12,$V$11:$W$17,2,FALSE),"") | Y12: =IF(C12>0,O12*AA12*VLOOKUP(I12,$V$11:$W$17,2,FALSE),"") | Z12: =IF(C12>0,CEILING(C12*K12*(L12+M12)/J12,1),"") | AA12: =IF(C12>0,CEILING(C12*P12*(Q12+R12)/O12,1),"") | AB12: =K12 -> 0 | AC12: =IF(C12>0,AC$21-$AB12*FLOOR(AC$21/$AB12,1),"") | AD12: =IF(D12>0,AD$21-$AB12*FLOOR(AD$21/$AB12,1),"") | AE12: =IF(E12>0,AE$21-$AB12*FLOOR(AE$21/$AB12,1),"") | AF12: =IF(F12>0,AF$21-$AB12*FLOOR(AF$21/$AB12,1),"") | AG12: =IF(G12>0,AG$21-$AB12*FLOOR(AG$21/$AB12,1),"") | AH12: =IF(AB12>0,SMALL(AC12:AG12,1),"") | AI12: =IF(AB12>0,HLOOKUP(AH12,AC12:AG22,10,FALSE),"") | AJ12: A | AK12: 10 | AL12: =C12*D12*E12*F12 -> 0 | AM12: =C12*D12*E12*H12*1.05 -> 0 | AN12: =AM12-(AL12*1.15) -> 0 | AO12: =D12*E12*C12 -> 0 | AQ12: =P12 -> 0 | AR12: =IF(C12>0,AR$21-$AQ12*FLOOR(AR$21/$AQ12,1),"") | AS12: =IF(D12>0,AS$21-$AQ12*FLOOR(AS$21/$AQ12,1),"") | AT12: =IF(E12>0,AT$21-$AQ12*FLOOR(AT$21/$AQ12,1),"") | AU12: =IF(F12>0,AU$21-$AQ12*FLOOR(AU$21/$AQ12,1),"") | AV12: =IF(G12>0,AV$21-$AQ12*FLOOR(AV$21/$AQ12,1),"") | AW12: =IF(AQ12>0,SMALL(AR12:AV12,1),"") | AX12: =IF(AQ12>0,HLOOKUP(AW12,AR12:AV22,10,FALSE),"")
B13: F-3 | J13: =AI13 | K13: =D13-0.002*G13+2*F13/2 -> 0 | O13: =AX13 | P13: =E13-0.002*G13+2*F13/2 -> 0 | V13: 16mm Ø | W13: 1.5804165 | X13: =IF(C13>0,Z13*J13*VLOOKUP(I13,$V$11:$W$17,2,FALSE),"") | Y13: =IF(C13>0,O13*AA13*VLOOKUP(I13,$V$11:$W$17,2,FALSE),"") | Z13: =IF(C13>0,CEILING(C13*K13*(L13+M13)/J13,1),"") | AA13: =IF(C13>0,CEILING(C13*P13*(Q13+R13)/O13,1),"") | AB13: =K13 -> 0 | AC13: =IF(C13>0,AC$21-$AB13*FLOOR(AC$21/$AB13,1),"") | AD13: =IF(D13>0,AD$21-$AB13*FLOOR(AD$21/$AB13,1),"") | AE13: =IF(E13>0,AE$21-$AB13*FLOOR(AE$21/$AB13,1),"") | AF13: =IF(F13>0,AF$21-$AB13*FLOOR(AF$21/$AB13,1),"") | AG13: =IF(G13>0,AG$21-$AB13*FLOOR(AG$21/$AB13,1),"") | AH13: =IF(AB13>0,SMALL(AC13:AG13,1),"") | AI13: =IF(AB13>0,HLOOKUP(AH13,AC13:AG23,9,FALSE),"") | AJ13: B | AK13: 8 | AL13: =C13*D13*E13*F13 -> 0 | AM13: =C13*D13*E13*H13*1.05 -> 0 | AN13: =AM13-(AL13*1.15) -> 0 | AO13: =D13*E13*C13 -> 0 | AQ13: =P13 -> 0 | AR13: =IF(C13>0,AR$21-$AQ13*FLOOR(AR$21/$AQ13,1),"") | AS13: =IF(D13>0,AS$21-$AQ13*FLOOR(AS$21/$AQ13,1),"") | AT13: =IF(E13>0,AT$21-$AQ13*FLOOR(AT$21/$AQ13,1),"") | AU13: =IF(F13>0,AU$21-$AQ13*FLOOR(AU$21/$AQ13,1),"") | AV13: =IF(G13>0,AV$21-$AQ13*FLOOR(AV$21/$AQ13,1),"") | AW13: =IF(AQ13>0,SMALL(AR13:AV13,1),"") | AX13: =IF(AQ13>0,HLOOKUP(AW13,AR13:AV23,9,FALSE),"")
B14: F-4 | J14: =AI14 | K14: =D14-0.002*G14+2*F14/2 -> 0 | O14: =AX14 | P14: =E14-0.002*G14+2*F14/2 -> 0 | V14: 20mm Ø | W14: 2.4694007 | X14: =IF(C14>0,Z14*J14*VLOOKUP(I14,$V$11:$W$17,2,FALSE),"") | Y14: =IF(C14>0,O14*AA14*VLOOKUP(I14,$V$11:$W$17,2,FALSE),"") | Z14: =IF(C14>0,CEILING(C14*K14*(L14+M14)/J14,1),"") | AA14: =IF(C14>0,CEILING(C14*P14*(Q14+R14)/O14,1),"") | AB14: =K14 -> 0 | AC14: =IF(C14>0,AC$21-$AB14*FLOOR(AC$21/$AB14,1),"") | AD14: =IF(D14>0,AD$21-$AB14*FLOOR(AD$21/$AB14,1),"") | AE14: =IF(E14>0,AE$21-$AB14*FLOOR(AE$21/$AB14,1),"") | AF14: =IF(F14>0,AF$21-$AB14*FLOOR(AF$21/$AB14,1),"") | AG14: =IF(G14>0,AG$21-$AB14*FLOOR(AG$21/$AB14,1),"") | AH14: =IF(AB14>0,SMALL(AC14:AG14,1),"") | AI14: =IF(AB14>0,HLOOKUP(AH14,AC14:AG24,8,FALSE),"") | AJ14: C | AK14: 6.5 | AL14: =C14*D14*E14*F14 -> 0 | AM14: =C14*D14*E14*H14*1.05 -> 0 | AN14: =AM14-(AL14*1.15) -> 0 | AO14: =D14*E14*C14 -> 0 | AQ14: =P14 -> 0 | AR14: =IF(C14>0,AR$21-$AQ14*FLOOR(AR$21/$AQ14,1),"") | AS14: =IF(D14>0,AS$21-$AQ14*FLOOR(AS$21/$AQ14,1),"") | AT14: =IF(E14>0,AT$21-$AQ14*FLOOR(AT$21/$AQ14,1),"") | AU14: =IF(F14>0,AU$21-$AQ14*FLOOR(AU$21/$AQ14,1),"") | AV14: =IF(G14>0,AV$21-$AQ14*FLOOR(AV$21/$AQ14,1),"") | AW14: =IF(AQ14>0,SMALL(AR14:AV14,1),"") | AX14: =IF(AQ14>0,HLOOKUP(AW14,AR14:AV24,8,FALSE),"") | AY14: =IF(AQ14>0,SMALL(AR14:AV14,1),"") | AZ14: =IF(AQ14>0,HLOOKUP(AY14,AR14:AV24,8,FALSE),"")
B15: F-5 | J15: =AI15 | K15: =D15-0.002*G15+2*F15/2 -> 0 | O15: =AX15 | P15: =E15-0.002*G15+2*F15/2 -> 0 | V15: 25mm Ø | W15: 3.8584386 | X15: =IF(C15>0,Z15*J15*VLOOKUP(I15,$V$11:$W$17,2,FALSE),"") | Y15: =IF(C15>0,O15*AA15*VLOOKUP(I15,$V$11:$W$17,2,FALSE),"") | Z15: =IF(C15>0,CEILING(C15*K15*(L15+M15)/J15,1),"") | AA15: =IF(C15>0,CEILING(C15*P15*(Q15+R15)/O15,1),"") | AB15: =K15 -> 0 | AC15: =IF(C15>0,AC$21-$AB15*FLOOR(AC$21/$AB15,1),"") | AD15: =IF(D15>0,AD$21-$AB15*FLOOR(AD$21/$AB15,1),"") | AE15: =IF(E15>0,AE$21-$AB15*FLOOR(AE$21/$AB15,1),"") | AF15: =IF(F15>0,AF$21-$AB15*FLOOR(AF$21/$AB15,1),"") | AG15: =IF(G15>0,AG$21-$AB15*FLOOR(AG$21/$AB15,1),"") | AH15: =IF(AB15>0,SMALL(AC15:AG15,1),"") | AI15: =IF(AB15>0,HLOOKUP(AH15,AC15:AG29,7,FALSE),"") | AL15: =C15*D15*E15*F15 -> 0 | AM15: =C15*D15*E15*H15*1.05 -> 0 | AN15: =AM15-(AL15*1.15) -> 0 | AO15: =D15*E15*C15 -> 0 | AQ15: =P15 -> 0 | AR15: =IF(C15>0,AR$21-$AQ15*FLOOR(AR$21/$AQ15,1),"") | AS15: =IF(D15>0,AS$21-$AQ15*FLOOR(AS$21/$AQ15,1),"") | AT15: =IF(E15>0,AT$21-$AQ15*FLOOR(AT$21/$AQ15,1),"") | AU15: =IF(F15>0,AU$21-$AQ15*FLOOR(AU$21/$AQ15,1),"") | AV15: =IF(G15>0,AV$21-$AQ15*FLOOR(AV$21/$AQ15,1),"") | AW15: =IF(AQ15>0,SMALL(AR15:AV15,1),"") | AX15: =IF(AQ15>0,HLOOKUP(AW15,AR15:AV29,7,FALSE),"") | AY15: =IF(AQ15>0,SMALL(AR15:AV15,1),"") | AZ15: =IF(AQ15>0,HLOOKUP(AY15,AR15:AV29,7,FALSE),"")
B16: F-6 | J16: =AI16 | K16: =D16-0.002*G16+2*F16/2 -> 0 | O16: =AX16 | P16: =E16-0.002*G16+2*F16/2 -> 0 | V16: 28mm Ø | W16: 4.8400254 | X16: =IF(C16>0,Z16*J16*VLOOKUP(I16,$V$11:$W$17,2,FALSE),"") | Y16: =IF(C16>0,O16*AA16*VLOOKUP(I16,$V$11:$W$17,2,FALSE),"") | Z16: =IF(C16>0,CEILING(C16*K16*(L16+M16)/J16,1),"") | AA16: =IF(C16>0,CEILING(C16*P16*(Q16+R16)/O16,1),"") | AB16: =K16 -> 0 | AC16: =IF(C16>0,AC$21-$AB16*FLOOR(AC$21/$AB16,1),"") | AD16: =IF(D16>0,AD$21-$AB16*FLOOR(AD$21/$AB16,1),"") | AE16: =IF(E16>0,AE$21-$AB16*FLOOR(AE$21/$AB16,1),"") | AF16: =IF(F16>0,AF$21-$AB16*FLOOR(AF$21/$AB16,1),"") | AG16: =IF(G16>0,AG$21-$AB16*FLOOR(AG$21/$AB16,1),"") | AH16: =IF(AB16>0,SMALL(AC16:AG16,1),"") | AI16: =IF(AB16>0,HLOOKUP(AH16,AC16:AG31,6,FALSE),"") | AL16: =C16*D16*E16*F16 -> 0 | AM16: =C16*D16*E16*H16*1.05 -> 0 | AN16: =AM16-(AL16*1.15) -> 0 | AO16: =D16*E16*C16 -> 0 | AQ16: =P16 -> 0 | AR16: =IF(C16>0,AR$21-$AQ16*FLOOR(AR$21/$AQ16,1),"") | AS16: =IF(D16>0,AS$21-$AQ16*FLOOR(AS$21/$AQ16,1),"") | AT16: =IF(E16>0,AT$21-$AQ16*FLOOR(AT$21/$AQ16,1),"") | AU16: =IF(F16>0,AU$21-$AQ16*FLOOR(AU$21/$AQ16,1),"") | AV16: =IF(G16>0,AV$21-$AQ16*FLOOR(AV$21/$AQ16,1),"") | AW16: =IF(AQ16>0,SMALL(AR16:AV16,1),"") | AX16: =IF(AQ16>0,HLOOKUP(AW16,AR16:AV31,6,FALSE),"") | AY16: =IF(AQ16>0,SMALL(AR16:AV16,1),"") | AZ16: =IF(AQ16>0,HLOOKUP(AY16,AR16:AV31,6,FALSE),"")
B17: F-7 | J17: =AI17 | K17: =D17-0.002*G17+2*F17/2 -> 0 | O17: =AX17 | P17: =E17-0.002*G17+2*F17/2 -> 0 | V17: 32mm Ø | W17: 6.3216658 | X17: =IF(C17>0,Z17*J17*VLOOKUP(I17,$V$11:$W$17,2,FALSE),"") | Y17: =IF(C17>0,O17*AA17*VLOOKUP(I17,$V$11:$W$17,2,FALSE),"") | Z17: =IF(C17>0,CEILING(C17*K17*(L17+M17)/J17,1),"") | AA17: =IF(C17>0,CEILING(C17*P17*(Q17+R17)/O17,1),"") | AB17: =K17 -> 0 | AC17: =IF(C17>0,AC$21-$AB17*FLOOR(AC$21/$AB17,1),"") | AD17: =IF(D17>0,AD$21-$AB17*FLOOR(AD$21/$AB17,1),"") | AE17: =IF(E17>0,AE$21-$AB17*FLOOR(AE$21/$AB17,1),"") | AF17: =IF(F17>0,AF$21-$AB17*FLOOR(AF$21/$AB17,1),"") | AG17: =IF(G17>0,AG$21-$AB17*FLOOR(AG$21/$AB17,1),"") | AH17: =IF(AB17>0,SMALL(AC17:AG17,1),"") | AI17: =IF(AB17>0,HLOOKUP(AH17,AC17:AG33,5,FALSE),"") | AL17: =C17*D17*E17*F17 -> 0 | AM17: =C17*D17*E17*H17*1.05 -> 0 | AN17: =AM17-(AL17*1.15) -> 0 | AO17: =D17*E17*C17 -> 0 | AQ17: =P17 -> 0 | AR17: =IF(C17>0,AR$21-$AQ17*FLOOR(AR$21/$AQ17,1),"") | AS17: =IF(D17>0,AS$21-$AQ17*FLOOR(AS$21/$AQ17,1),"") | AT17: =IF(E17>0,AT$21-$AQ17*FLOOR(AT$21/$AQ17,1),"") | AU17: =IF(F17>0,AU$21-$AQ17*FLOOR(AU$21/$AQ17,1),"") | AV17: =IF(G17>0,AV$21-$AQ17*FLOOR(AV$21/$AQ17,1),"") | AW17: =IF(AQ17>0,SMALL(AR17:AV17,1),"") | AX17: =IF(AQ17>0,HLOOKUP(AW17,AR17:AV33,5,FALSE),"") | AY17: =IF(AQ17>0,SMALL(AR17:AV17,1),"") | AZ17: =IF(AQ17>0,HLOOKUP(AY17,AR17:AV33,5,FALSE),"")
B18: F-8 | J18: =AI18 | K18: =D18-0.002*G18+2*F18/2 -> 0 | O18: =AX18 | P18: =E18-0.002*G18+2*F18/2 -> 0 | X18: =IF(C18>0,Z18*J18*VLOOKUP(I18,$V$11:$W$17,2,FALSE),"") | Y18: =IF(C18>0,O18*AA18*VLOOKUP(I18,$V$11:$W$17,2,FALSE),"") | Z18: =IF(C18>0,CEILING(C18*K18*(L18+M18)/J18,1),"") | AA18: =IF(C18>0,CEILING(C18*P18*(Q18+R18)/O18,1),"") | AB18: =K18 -> 0 | AC18: =IF(C18>0,AC$21-$AB18*FLOOR(AC$21/$AB18,1),"") | AD18: =IF(D18>0,AD$21-$AB18*FLOOR(AD$21/$AB18,1),"") | AE18: =IF(E18>0,AE$21-$AB18*FLOOR(AE$21/$AB18,1),"") | AF18: =IF(F18>0,AF$21-$AB18*FLOOR(AF$21/$AB18,1),"") | AG18: =IF(G18>0,AG$21-$AB18*FLOOR(AG$21/$AB18,1),"") | AH18: =IF(AB18>0,SMALL(AC18:AG18,1),"") | AI18: =IF(AB18>0,HLOOKUP(AH18,AC18:AG35,4,FALSE),"") | AL18: =C18*D18*E18*F18 -> 0 | AM18: =C18*D18*E18*H18*1.05 -> 0 | AN18: =AM18-(AL18*1.15) -> 0 | AO18: =D18*E18*C18 -> 0 | AQ18: =P18 -> 0 | AR18: =IF(C18>0,AR$21-$AQ18*FLOOR(AR$21/$AQ18,1),"") | AS18: =IF(D18>0,AS$21-$AQ18*FLOOR(AS$21/$AQ18,1),"") | AT18: =IF(E18>0,AT$21-$AQ18*FLOOR(AT$21/$AQ18,1),"") | AU18: =IF(F18>0,AU$21-$AQ18*FLOOR(AU$21/$AQ18,1),"") | AV18: =IF(G18>0,AV$21-$AQ18*FLOOR(AV$21/$AQ18,1),"") | AW18: =IF(AQ18>0,SMALL(AR18:AV18,1),"") | AX18: =IF(AQ18>0,HLOOKUP(AW18,AR18:AV35,4,FALSE),"") | AY18: =IF(AQ18>0,SMALL(AR18:AV18,1),"") | AZ18: =IF(AQ18>0,HLOOKUP(AY18,AR18:AV35,4,FALSE),"")
B19: F-9 | J19: =AI19 | K19: =D19-0.002*G19+2*F19/2 -> 0 | O19: =AX19 | P19: =E19-0.002*G19+2*F19/2 -> 0 | X19: =IF(C19>0,Z19*J19*VLOOKUP(I19,$V$11:$W$17,2,FALSE),"") | Y19: =IF(C19>0,O19*AA19*VLOOKUP(I19,$V$11:$W$17,2,FALSE),"") | Z19: =IF(C19>0,CEILING(C19*K19*(L19+M19)/J19,1),"") | AA19: =IF(C19>0,CEILING(C19*P19*(Q19+R19)/O19,1),"") | AB19: =K19 -> 0 | AC19: =IF(C19>0,AC$21-$AB19*FLOOR(AC$21/$AB19,1),"") | AD19: =IF(D19>0,AD$21-$AB19*FLOOR(AD$21/$AB19,1),"") | AE19: =IF(E19>0,AE$21-$AB19*FLOOR(AE$21/$AB19,1),"") | AF19: =IF(F19>0,AF$21-$AB19*FLOOR(AF$21/$AB19,1),"") | AG19: =IF(G19>0,AG$21-$AB19*FLOOR(AG$21/$AB19,1),"") | AH19: =IF(AB19>0,SMALL(AC19:AG19,1),"") | AI19: =IF(AB19>0,HLOOKUP(AH19,AC19:AG37,3,FALSE),"") | AL19: =C19*D19*E19*F19 -> 0 | AM19: =C19*D19*E19*H19*1.05 -> 0 | AN19: =AM19-(AL19*1.15) -> 0 | AO19: =D19*E19*C19 -> 0 | AQ19: =P19 -> 0 | AR19: =IF(C19>0,AR$21-$AQ19*FLOOR(AR$21/$AQ19,1),"") | AS19: =IF(D19>0,AS$21-$AQ19*FLOOR(AS$21/$AQ19,1),"") | AT19: =IF(E19>0,AT$21-$AQ19*FLOOR(AT$21/$AQ19,1),"") | AU19: =IF(F19>0,AU$21-$AQ19*FLOOR(AU$21/$AQ19,1),"") | AV19: =IF(G19>0,AV$21-$AQ19*FLOOR(AV$21/$AQ19,1),"") | AW19: =IF(AQ19>0,SMALL(AR19:AV19,1),"") | AX19: =IF(AQ19>0,HLOOKUP(AW19,AR19:AV37,3,FALSE),"") | AY19: =IF(AQ19>0,SMALL(AR19:AV19,1),"") | AZ19: =IF(AQ19>0,HLOOKUP(AY19,AR19:AV37,3,FALSE),"")
B20: F-10 | J20: =AI20 | K20: =D20-0.002*G20+2*F20/2 -> 0 | O20: =AX20 | P20: =E20-0.002*G20+2*F20/2 -> 0 | X20: =IF(C20>0,Z20*J20*VLOOKUP(I20,$V$11:$W$17,2,FALSE),"") | Y20: =IF(C20>0,O20*AA20*VLOOKUP(I20,$V$11:$W$17,2,FALSE),"") | Z20: =IF(C20>0,CEILING(C20*K20*(L20+M20)/J20,1),"") | AA20: =IF(C20>0,CEILING(C20*P20*(Q20+R20)/O20,1),"") | AB20: =K20 -> 0 | AC20: =IF(C20>0,AC$21-$AB20*FLOOR(AC$21/$AB20,1),"") | AD20: =IF(D20>0,AD$21-$AB20*FLOOR(AD$21/$AB20,1),"") | AE20: =IF(E20>0,AE$21-$AB20*FLOOR(AE$21/$AB20,1),"") | AF20: =IF(F20>0,AF$21-$AB20*FLOOR(AF$21/$AB20,1),"") | AG20: =IF(G20>0,AG$21-$AB20*FLOOR(AG$21/$AB20,1),"") | AH20: =IF(AB20>0,SMALL(AC20:AG20,1),"") | AI20: =IF(AB20>0,HLOOKUP(AH20,AC20:AG39,2,FALSE),"") | AL20: =C20*D20*E20*F20 -> 0 | AM20: =C20*D20*E20*H20*1.05 -> 0 | AN20: =AM20-(AL20*1.15) -> 0 | AO20: =D20*E20*C20 -> 0 | AQ20: =P20 -> 0 | AR20: =IF(C20>0,AR$21-$AQ20*FLOOR(AR$21/$AQ20,1),"") | AS20: =IF(D20>0,AS$21-$AQ20*FLOOR(AS$21/$AQ20,1),"") | AT20: =IF(E20>0,AT$21-$AQ20*FLOOR(AT$21/$AQ20,1),"") | AU20: =IF(F20>0,AU$21-$AQ20*FLOOR(AU$21/$AQ20,1),"") | AV20: =IF(G20>0,AV$21-$AQ20*FLOOR(AV$21/$AQ20,1),"") | AW20: =IF(AQ20>0,SMALL(AR20:AV20,1),"") | AX20: =IF(AQ20>0,HLOOKUP(AW20,AR20:AV39,2,FALSE),"") | AY20: =IF(AQ20>0,SMALL(AR20:AV20,1),"") | AZ20: =IF(AQ20>0,HLOOKUP(AY20,AR20:AV39,2,FALSE),"")
X21: =SUM(X11:X17) -> 227.57997 | Y21: =SUM(Y11:Y17) -> 227.57997 | AC21: 6 | AD21: =AC21+1.5 -> 7.5 | AE21: =AD21+1.5 -> 9 | AF21: =AE21+1.5 -> 10.5 | AG21: =AF21+1.5 -> 12 | AL21: =SUM(AL11:AL20) -> 3.6 | AM21: =SUM(AM11:AM20) -> 18.9 | AN21: =SUM(AN11:AN20) -> 15.12 | AR21: 6 | AS21: =AR21+1.5 -> 7.5 | AT21: =AS21+1.5 -> 9 | AU21: =AT21+1.5 -> 10.5 | AV21: =AU21+1.5 -> 12
F22: MATERIALS | X22: =X21+Y21 -> 455.15994 | AL22: =VLOOKUP(G8,AJ11:AK14,2,FALSE) -> 12
X23: Tie Wire | Y23: =CEILING(0.013*X22,0.5) -> 6 | AK23: Cement | AL23: =CEILING(AL22*AL21,1) -> 44
F24: FOOTING | G24: ITEM | H24: QUANTITY | I24: UNIT | J24: PRICE | K24: TOTAL COST | AK24: Sand | AL24: =AL21/2 -> 1.8
G25: ='Materials Price List'!A8 -> Cement | H25: =AL23 -> 44 | I25: bags | J25: =IF(H25="","",VLOOKUP(G25,'Materials Price List'!$A$8:$B$46,2,FALSE)) -> 220 | K25: =IF(H25="","",H25*J25) -> 9680 | AK25: Gravel | AL25: =AL21 -> 3.6
G26: ='Materials Price List'!A9 -> Sand | H26: =AL24 -> 1.8 | I26: cu.m | J26: =IF(H26="","",VLOOKUP(G26,'Materials Price List'!$A$8:$B$46,2,FALSE)) -> 875 | K26: =IF(H26="","",H26*J26) -> 1575
G27: ='Materials Price List'!A10 -> Gravel | H27: =AL25 -> 3.6 | I27: cu.m | J27: =IF(H27="","",VLOOKUP(G27,'Materials Price List'!$A$8:$B$46,2,FALSE)) -> 1875 | K27: =IF(H27="","",H27*J27) -> 6750
G28: Tie Wire | H28: =Y23 -> 6 | I28: kg | J28: =IF(H28="","",VLOOKUP(G28,'Materials Price List'!$A$8:$B$46,2,FALSE)) -> 95 | K28: =IF(H28="","",H28*J28) -> 570
F29: =IF(C11>0,B11,"") -> F-1 | G29: =IF(C11>0,CONCATENATE(I11," X ",J11,"m"),"") -> 16mm Ø X 12m | H29: =Z11 -> 12 | I29: =IF(H29="","","pcs") -> pcs | J29: =IF(H29="","",VLOOKUP(G29,'Materials Price List'!$A$8:$B$46,2)) -> 471.76056 | K29: =IF(H29="","",H29*J29) -> 5661.1268
F30: =F29 -> F-1 | G30: =IF(C11>0,CONCATENATE(N11," X ",O11,"m"),"") -> 12mm Ø X 9m | H30: =AA11 -> 16 | I30: =IF(H30="","","pcs") -> pcs | J30: =IF(H30="","",VLOOKUP(G30,'Materials Price List'!$A$8:$B$46,2)) -> 354.40141 | K30: =IF(H30="","",H30*J30) -> 5670.4225
F31: =IF(C12>0,B12,"") | G31: =IF(C12>0,CONCATENATE(I12," X ",J12,"m"),"") | H31: =Z12 | I31: =IF(H31="","","pcs") | J31: =IF(H31="","",VLOOKUP(G31,'Materials Price List'!$A$8:$B$46,2)) | K31: =IF(H31="","",H31*J31)
F32: =F31 | G32: =IF(C12>0,CONCATENATE(N12," X ",O12,"m"),"") | H32: =AA12 | I32: =IF(H32="","","pcs") | J32: =IF(H32="","",VLOOKUP(G32,'Materials Price List'!$A$8:$B$46,2)) | K32: =IF(H32="","",H32*J32)
F33: =IF(C13>0,B13,"") | G33: =IF(C13>0,CONCATENATE(I13," X ",J13,"m"),"") | H33: =Z13 | I33: =IF(H33="","","pcs") | J33: =IF(H33="","",VLOOKUP(G33,'Materials Price List'!$A$8:$B$46,2)) | K33: =IF(H33="","",H33*J33)
F34: =F33 | G34: =IF(C13>0,CONCATENATE(N13," X ",O13,"m"),"") | H34: =AA13 | I34: =IF(H34="","","pcs") | J34: =IF(H34="","",VLOOKUP(G34,'Materials Price List'!$A$8:$B$46,2)) | K34: =IF(H34="","",H34*J34)
F35: =IF(C14>0,B14,"") | G35: =IF(C14>0,CONCATENATE(I14," X ",J14,"m"),"") | H35: =Z14 | I35: =IF(H35="","","pcs") | J35: =IF(H35="","",VLOOKUP(G35,'Materials Price List'!$A$8:$B$46,2)) | K35: =IF(H35="","",H35*J35)
F36: =F35 | G36: =IF(C14>0,CONCATENATE(N14," X ",O14,"m"),"") | H36: =AA14 | I36: =IF(H36="","","pcs") | J36: =IF(H36="","",VLOOKUP(G36,'Materials Price List'!$A$8:$B$46,2)) | K36: =IF(H36="","",H36*J36)
F37: =IF(C15>0,B15,"") | G37: =IF(C15>0,CONCATENATE(I15," X ",J15,"m"),"") | H37: =Z15 | I37: =IF(H37="","","pcs") | J37: =IF(H37="","",VLOOKUP(G37,'Materials Price List'!$A$8:$B$46,2)) | K37: =IF(H37="","",H37*J37)
F38: =F37 | G38: =IF(C15>0,CONCATENATE(N15," X ",O15,"m"),"") | H38: =AA15 | I38: =IF(H38="","","pcs") | J38: =IF(H38="","",VLOOKUP(G38,'Materials Price List'!$A$8:$B$46,2)) | K38: =IF(H38="","",H38*J38)
F39: =IF(C16>0,B16,"") | G39: =IF(C16>0,CONCATENATE(I16," X ",J16,"m"),"") | H39: =Z16 | I39: =IF(H39="","","pcs") | J39: =IF(H39="","",VLOOKUP(G39,'Materials Price List'!$A$8:$B$46,2)) | K39: =IF(H39="","",H39*J39)
F40: =F39 | G40: =IF(C16>0,CONCATENATE(N16," X ",O16,"m"),"") | H40: =AA16 | I40: =IF(H40="","","pcs") | J40: =IF(H40="","",VLOOKUP(G40,'Materials Price List'!$A$8:$B$46,2)) | K40: =IF(H40="","",H40*J40)
F41: =IF(C17>0,B17,"") | G41: =IF(C17>0,CONCATENATE(I17," X ",J17,"m"),"") | H41: =Z17 | I41: =IF(H41="","","pcs") | J41: =IF(H41="","",VLOOKUP(G41,'Materials Price List'!$A$8:$B$46,2)) | K41: =IF(H41="","",H41*J41)
F42: =F41 | G42: =IF(C17>0,CONCATENATE(N17," X ",O17,"m"),"") | H42: =AA17 | I42: =IF(H42="","","pcs") | J42: =IF(H42="","",VLOOKUP(G42,'Materials Price List'!$A$8:$B$46,2)) | K42: =IF(H42="","",H42*J42)
F43: =IF(C18>0,B18,"") | G43: =IF(C18>0,CONCATENATE(I18," X ",J18,"m"),"") | H43: =Z18 | I43: =IF(H43="","","pcs") | J43: =IF(H43="","",VLOOKUP(G43,'Materials Price List'!$A$8:$B$46,2)) | K43: =IF(H43="","",H43*J43)
F44: =F43 | G44: =IF(C18>0,CONCATENATE(N18," X ",O18,"m"),"") | H44: =AA18 | I44: =IF(H44="","","pcs") | J44: =IF(H44="","",VLOOKUP(G44,'Materials Price List'!$A$8:$B$46,2)) | K44: =IF(H44="","",H44*J44)
F45: =IF(C19>0,B19,"") | G45: =IF(C19>0,CONCATENATE(I19," X ",J19,"m"),"") | H45: =Z19 | I45: =IF(H45="","","pcs") | J45: =IF(H45="","",VLOOKUP(G45,'Materials Price List'!$A$8:$B$46,2)) | K45: =IF(H45="","",H45*J45)
F46: =F45 | G46: =IF(C19>0,CONCATENATE(N19," X ",O19,"m"),"") | H46: =AA19 | I46: =IF(H46="","","pcs") | J46: =IF(H46="","",VLOOKUP(G46,'Materials Price List'!$A$8:$B$46,2)) | K46: =IF(H46="","",H46*J46)
F47: =IF(C20>0,B20,"") | G47: =IF(C20>0,CONCATENATE(I20," X ",J20,"m"),"") | H47: =Z20 | I47: =IF(H47="","","pcs") | J47: =IF(H47="","",VLOOKUP(G47,'Materials Price List'!$A$8:$B$46,2)) | K47: =IF(H47="","",H47*J47)
F48: =F47 | G48: =IF(C20>0,CONCATENATE(N20," X ",O20,"m"),"") | H48: =AA20 | I48: =IF(H48="","","pcs") | J48: =IF(H48="","",VLOOKUP(G48,'Materials Price List'!$A$8:$B$46,2)) | K48: =IF(H48="","",H48*J48)
F49: TOTAL MATERIAL COST = | K49: =SUM(K25:K48) -> 29906.549
F50: LABOR COST (% of Materials) = | J50: 0.35 | K50: =J50*K49 -> 10467.292
F52: Excavation = | H52: =AM21 -> 18.9 | I52: cu.m | J52: 200 | K52: per cu.m
F53: Backfill = | H53: =AN21 -> 15.12 | I53: cu.m | J53: 125 | K53: =K52 -> per cu.m
F55: EXCAVATION COST = | K55: =J52*H52 -> 3780
F56: BACKFILL COST = | K56: =H53*J53 -> 1890
F58: ONE-BAGGER MIXER OUTPUT = | J58: 8 | K58: cu.m per day
F59: TOTAL DAYS (rounded up to 1 day) = | J59: =CEILING(SUM(AL11:AL20)/J58,1) -> 1 | K59: day
F60: ONE-BAGGER MIXER RENTAL RATE = | J60: ='Materials Price List'!B47 -> 1200 | K60: per day
F61: ONE-BAGGER MIXER RENTAL COST = | K61: =J60*J59 -> 1200
H63: TOTAL COST = | K63: =K49+K50+K61+K55+K56 -> 47243.842

Sheet Wall Footing
B1: WALL FOOTING ESTIMATE
B6: WALL FOOTING DETAILS
B7: WALL FOOTING | C7: Quantity | D7: Concrete | G7: Concrete Mix Class | I7: Reinforcement (Rebar Length = Manual)
G8: B
D9: Length (m) | E9: Width (m) | F9: Thickness (m) | G9: Concrete Cover (mm) | H9: Depth (m) | I9: Along Length | N9: Along Width | AL9: Concrete Volume | AM9: Excavation | AN9: Backfill | AO9: AREA
I10: Bar Size | J10: Economical Bar Length (m) | K10: Steel Bars Length | L10: Main Bars (pcs) | M10: Temperature Bars (spacing) (mm) | N10: Bar Size | O10: Economical Bar Length (m) | P10: Cutting Length | Q10: Top Bar (pcs) | R10: Bottom Bar (pcs) | X10: Tie Wire | Y10: Tie Wire | AY10: Bar size | AZ10: Bar Length | BA10: Along Length | BB10: Quantity | BC10: Along Width | BD10: Quantity
B11: WF-1 | C11: 3 | D11: 10 | E11: 0.75 | F11: 0.25 | G11: 40 | H11: 1 | I11: 12mm Ø | J11: =K11 -> 6 | K11: 6 | L11: 4 | M11: 400 | N11: 10mm Ø | O11: =K11 -> 6 | P11: =E11-0.002*G11+2*F11/2 -> 0.92 | V11: 10mm Ø | W11: 0.61735018 | X11: =IF(C11>0,Z11*J11*VLOOKUP(I11,$V$11:$W$17,2,FALSE),"") -> 117.34592 | Y11: =IF(C11>0,O11*AA11*VLOOKUP(I11,$V$11:$W$17,2,FALSE),"") -> 53.339055 | Z11: =IF(C11>0,CEILING(C11*D11*(L11)/(J11-0.5),1),"") -> 22 | AA11: =IF(C11>0,CEILING(C11*(E11*D11*1000/M11/K11),1),"") -> 10 | AB11: =K11 -> 6 | AC11: =IF(C11>0,AC$21-$AB11*FLOOR(AC$21/$AB11,1),"") -> 0 | AD11: =IF(D11>0,AD$21-$AB11*FLOOR(AD$21/$AB11,1),"") -> 1.5 | AE11: =IF(E11>0,AE$21-$AB11*FLOOR(AE$21/$AB11,1),"") -> 3 | AF11: =IF(F11>0,AF$21-$AB11*FLOOR(AF$21/$AB11,1),"") -> 4.5 | AG11: =IF(G11>0,AG$21-$AB11*FLOOR(AG$21/$AB11,1),"") -> 0 | AH11: =IF(AB11>0,SMALL(AC11:AG11,1),"") -> 0 | AI11: =IF(AB11>0,HLOOKUP(AH11,AC11:AG21,11,FALSE),"") -> 6 | AJ11: AA | AK11: 12 | AL11: =C11*D11*E11*F11 -> 5.625 | AM11: =C11*D11*E11*H11*1.05 -> 23.625 | AN11: =AM11-(AL11*1.05) -> 17.71875 | AO11: =D11*E11*C11 -> 22.5 | AQ11: =P11 -> 0.92 | AR11: =IF(C11>0,AR$21-$AQ11*FLOOR(AR$21/$AQ11,1),"") -> 0.48 | AS11: =IF(D11>0,AS$21-$AQ11*FLOOR(AS$21/$AQ11,1),"") -> 0.14 | AT11: =IF(E11>0,AT$21-$AQ11*FLOOR(AT$21/$AQ11,1),"") -> 0.72 | AU11: =IF(F11>0,AU$21-$AQ11*FLOOR(AU$21/$AQ11,1),"") -> 0.38 | AV11: =IF(G11>0,AV$21-$AQ11*FLOOR(AV$21/$AQ11,1),"") -> 0.04 | AW11: =IF(AQ11>0,SMALL(AR11:AV11,1),"") -> 0.04 | AX11: =IF(AQ11>0,HLOOKUP(AW11,AR11:AV21,11,FALSE),"") -> 12
B12: WF-2 | J12: =K12 -> 0 | N12: 10mm Ø | O12: =K12 -> 0 | P12: =E12-0.002*G12+2*F12/2 -> 0 | V12: 12mm Ø | W12: 0.88898426 | X12: =IF(C12>0,Z12*J12*VLOOKUP(I12,$V$11:$W$17,2,FALSE),"") | Y12: =IF(C12>0,O12*AA12*VLOOKUP(I12,$V$11:$W$17,2,FALSE),"") | Z12: =IF(C12>0,CEILING(C12*D12*(L12)/(J12-0.5),1),"") | AA12: =IF(C12>0,CEILING(C12*(E12*D12*1000/M12/K12),1),"") | AB12: =K12 -> 0 | AC12: =IF(C12>0,AC$21-$AB12*FLOOR(AC$21/$AB12,1),"") | AD12: =IF(D12>0,AD$21-$AB12*FLOOR(AD$21/$AB12,1),"") | AE12: =IF(E12>0,AE$21-$AB12*FLOOR(AE$21/$AB12,1),"") | AF12: =IF(F12>0,AF$21-$AB12*FLOOR(AF$21/$AB12,1),"") | AG12: =IF(G12>0,AG$21-$AB12*FLOOR(AG$21/$AB12,1),"") | AH12: =IF(AB12>0,SMALL(AC12:AG12,1),"") | AI12: =IF(AB12>0,HLOOKUP(AH12,AC12:AG22,10,FALSE),"") | AJ12: A | AK12: 10 | AL12: =C12*D12*E12*F12 -> 0 | AM12: =C12*D12*E12*H12*1.05 -> 0 | AN12: =AM12-(AL12*1.15) -> 0 | AO12: =D12*E12*C12 -> 0 | AQ12: =P12 -> 0 | AR12: =IF(C12>0,AR$21-$AQ12*FLOOR(AR$21/$AQ12,1),"") | AS12: =IF(D12>0,AS$21-$AQ12*FLOOR(AS$21/$AQ12,1),"") | AT12: =IF(E12>0,AT$21-$AQ12*FLOOR(AT$21/$AQ12,1),"") | AU12: =IF(F12>0,AU$21-$AQ12*FLOOR(AU$21/$AQ12,1),"") | AV12: =IF(G12>0,AV$21-$AQ12*FLOOR(AV$21/$AQ12,1),"") | AW12: =IF(AQ12>0,SMALL(AR12:AV12,1),"") | AX12: =IF(AQ12>0,HLOOKUP(AW12,AR12:AV22,10,FALSE),"")
B13: WF-3 | J13: =K13 -> 0 | O13: =K13 -> 0 | P13: =E13-0.002*G13+2*F13/2 -> 0 | V13: 16mm Ø | W13: 1.5804165 | X13: =IF(C13>0,Z13*J13*VLOOKUP(I13,$V$11:$W$17,2,FALSE),"") | Y13: =IF(C13>0,O13*AA13*VLOOKUP(I13,$V$11:$W$17,2,FALSE),"") | Z13: =IF(C13>0,CEILING(C13*D13*(L13)/(J13-0.5),1),"") | AA13: =IF(C13>0,CEILING(C13*(E13*D13*1000/M13/K13),1),"") | AB13: =K13 -> 0 | AC13: =IF(C13>0,AC$21-$AB13*FLOOR(AC$21/$AB13,1),"") | AD13: =IF(D13>0,AD$21-$AB13*FLOOR(AD$21/$AB13,1),"") | AE13: =IF(E13>0,AE$21-$AB13*FLOOR(AE$21/$AB13,1),"") | AF13: =IF(F13>0,AF$21-$AB13*FLOOR(AF$21/$AB13,1),"") | AG13: =IF(G13>0,AG$21-$AB13*FLOOR(AG$21/$AB13,1),"") | AH13: =IF(AB13>0,SMALL(AC13:AG13,1),"") | AI13: =IF(AB13>0,HLOOKUP(AH13,AC13:AG23,9,FALSE),"") | AJ13: B | AK13: 8 | AL13: =C13*D13*E13*F13 -> 0 | AM13: =C13*D13*E13*H13*1.05 -> 0 | AN13: =AM13-(AL13*1.15) -> 0 | AO13: =D13*E13*C13 -> 0 | AQ13: =P13 -> 0 | AR13: =IF(C13>0,AR$21-$AQ13*FLOOR(AR$21/$AQ13,1),"") | AS13: =IF(D13>0,AS$21-$AQ13*FLOOR(AS$21/$AQ13,1),"") | AT13: =IF(E13>0,AT$21-$AQ13*FLOOR(AT$21/$AQ13,1),"") | AU13: =IF(F13>0,AU$21-$AQ13*FLOOR(AU$21/$AQ13,1),"") | AV13: =IF(G13>0,AV$21-$AQ13*FLOOR(AV$21/$AQ13,1),"") | AW13: =IF(AQ13>0,SMALL(AR13:AV13,1),"") | AX13: =IF(AQ13>0,HLOOKUP(AW13,AR13:AV23,9,FALSE),"")
B14: WF-4 | J14: =K14 -> 0 | O14: =K14 -> 0 | P14: =E14-0.002*G14+2*F14/2 -> 0 | V14: 20mm Ø | W14: 2.4694007 | X14: =IF(C14>0,Z14*J14*VLOOKUP(I14,$V$11:$W$17,2,FALSE),"") | Y14: =IF(C14>0,O14*AA14*VLOOKUP(I14,$V$11:$W$17,2,FALSE),"") | Z14: =IF(C14>0,CEILING(C14*D14*(L14)/(J14-0.5),1),"") | AA14: =IF(C14>0,CEILING(C14*(E14*D14*1000/M14/K14),1),"") | AB14: =K14 -> 0 | AC14: =IF(C14>0,AC$21-$AB14*FLOOR(AC$21/$AB14,1),"") | AD14: =IF(D14>0,AD$21-$AB14*FLOOR(AD$21/$AB14,1),"") | AE14: =IF(E14>0,AE$21-$AB14*FLOOR(AE$21/$AB14,1),"") | AF14: =IF(F14>0,AF$21-$AB14*FLOOR(AF$21/$AB14,1),"") | AG14: =IF(G14>0,AG$21-$AB14*FLOOR(AG$21/$AB14,1),"") | AH14: =IF(AB14>0,SMALL(AC14:AG14,1),"") | AI14: =IF(AB14>0,HLOOKUP(AH14,AC14:AG24,8,FALSE),"") | AJ14: C | AK14: 6.5 | AL14: =C14*D14*E14*F14 -> 0 | AM14: =C14*D14*E14*H14*1.05 -> 0 | AN14: =AM14-(AL14*1.15) -> 0 | AO14: =D14*E14*C14 -> 0 | AQ14: =P14 -> 0 | AR14: =IF(C14>0,AR$21-$AQ14*FLOOR(AR$21/$AQ14,1),"") | AS14: =IF(D14>0,AS$21-$AQ14*FLOOR(AS$21/$AQ14,1),"") | AT14: =IF(E14>0,AT$21-$AQ14*FLOOR(AT$21/$AQ14,1),"") | AU14: =IF(F14>0,AU$21-$AQ14*FLOOR(AU$21/$AQ14,1),"") | AV14: =IF(G14>0,AV$21-$AQ14*FLOOR(AV$21/$AQ14,1),"") | AW14: =IF(AQ14>0,SMALL(AR14:AV14,1),"") | AX14: =IF(AQ14>0,HLOOKUP(AW14,AR14:AV24,8,FALSE),"") | AY14: =IF(AQ14>0,SMALL(AR14:AV14,1),"") | AZ14: =IF(AQ14>0,HLOOKUP(AY14,AR14:AV24,8,FALSE),"")
B15: WF-5 | J15: =K15 -> 0 | O15: =K15 -> 0 | P15: =E15-0.002*G15+2*F15/2 -> 0 | V15: 25mm Ø | W15: 3.8584386 | X15: =IF(C15>0,Z15*J15*VLOOKUP(I15,$V$11:$W$17,2,FALSE),"") | Y15: =IF(C15>0,O15*AA15*VLOOKUP(I15,$V$11:$W$17,2,FALSE),"") | Z15: =IF(C15>0,CEILING(C15*D15*(L15)/(J15-0.5),1),"") | AA15: =IF(C15>0,CEILING(C15*(E15*D15*1000/M15/K15),1),"") | AB15: =K15 -> 0 | AC15: =IF(C15>0,AC$21-$AB15*FLOOR(AC$21/$AB15,1),"") | AD15: =IF(D15>0,AD$21-$AB15*FLOOR(AD$21/$AB15,1),"") | AE15: =IF(E15>0,AE$21-$AB15*FLOOR(AE$21/$AB15,1),"") | AF15: =IF(F15>0,AF$21-$AB15*FLOOR(AF$21/$AB15,1),"") | AG15: =IF(G15>0,AG$21-$AB15*FLOOR(AG$21/$AB15,1),"") | AH15: =IF(AB15>0,SMALL(AC15:AG15,1),"") | AI15: =IF(AB15>0,HLOOKUP(AH15,AC15:AG29,7,FALSE),"") | AL15: =C15*D15*E15*F15 -> 0 | AM15: =C15*D15*E15*H15*1.05 -> 0 | AN15: =AM15-(AL15*1.15) -> 0 | AO15: =D15*E15*C15 -> 0 | AQ15: =P15 -> 0 | AR15: =IF(C15>0,AR$21-$AQ15*FLOOR(AR$21/$AQ15,1),"") | AS15: =IF(D15>0,AS$21-$AQ15*FLOOR(AS$21/$AQ15,1),"") | AT15: =IF(E15>0,AT$21-$AQ15*FLOOR(AT$21/$AQ15,1),"") | AU15: =IF(F15>0,AU$21-$AQ15*FLOOR(AU$21/$AQ15,1),"") | AV15: =IF(G15>0,AV$21-$AQ15*FLOOR(AV$21/$AQ15,1),"") | AW15: =IF(AQ15>0,SMALL(AR15:AV15,1),"") | AX15: =IF(AQ15>0,HLOOKUP(AW15,AR15:AV29,7,FALSE),"") | AY15: =IF(AQ15>0,SMALL(AR15:AV15,1),"") | AZ15: =IF(AQ15>0,HLOOKUP(AY15,AR15:AV29,7,FALSE),"")
B16: WF-6 | J16: =K16 -> 0 | O16: =K16 -> 0 | P16: =E16-0.002*G16+2*F16/2 -> 0 | V16: 28mm Ø | W16: 4.8400254 | X16: =IF(C16>0,Z16*J16*VLOOKUP(I16,$V$11:$W$17,2,FALSE),"") | Y16: =IF(C16>0,O16*AA16*VLOOKUP(I16,$V$11:$W$17,2,FALSE),"") | Z16: =IF(C16>0,CEILING(C16*D16*(L16)/(J16-0.5),1),"") | AA16: =IF(C16>0,CEILING(C16*(E16*D16*1000/M16/K16),1),"") | AB16: =K16 -> 0 | AC16: =IF(C16>0,AC$21-$AB16*FLOOR(AC$21/$AB16,1),"") | AD16: =IF(D16>0,AD$21-$AB16*FLOOR(AD$21/$AB16,1),"") | AE16: =IF(E16>0,AE$21-$AB16*FLOOR(AE$21/$AB16,1),"") | AF16: =IF(F16>0,AF$21-$AB16*FLOOR(AF$21/$AB16,1),"") | AG16: =IF(G16>0,AG$21-$AB16*FLOOR(AG$21/$AB16,1),"") | AH16: =IF(AB16>0,SMALL(AC16:AG16,1),"") | AI16: =IF(AB16>0,HLOOKUP(AH16,AC16:AG31,6,FALSE),"") | AL16: =C16*D16*E16*F16 -> 0 | AM16: =C16*D16*E16*H16*1.05 -> 0 | AN16: =AM16-(AL16*1.15) -> 0 | AO16: =D16*E16*C16 -> 0 | AQ16: =P16 -> 0 | AR16: =IF(C16>0,AR$21-$AQ16*FLOOR(AR$21/$AQ16,1),"") | AS16: =IF(D16>0,AS$21-$AQ16*FLOOR(AS$21/$AQ16,1),"") | AT16: =IF(E16>0,AT$21-$AQ16*FLOOR(AT$21/$AQ16,1),"") | AU16: =IF(F16>0,AU$21-$AQ16*FLOOR(AU$21/$AQ16,1),"") | AV16: =IF(G16>0,AV$21-$AQ16*FLOOR(AV$21/$AQ16,1),"") | AW16: =IF(AQ16>0,SMALL(AR16:AV16,1),"") | AX16: =IF(AQ16>0,HLOOKUP(AW16,AR16:AV31,6,FALSE),"") | AY16: =IF(AQ16>0,SMALL(AR16:AV16,1),"") | AZ16: =IF(AQ16>0,HLOOKUP(AY16,AR16:AV31,6,FALSE),"")
B17: WF-7 | J17: =K17 -> 0 | O17: =K17 -> 0 | P17: =E17-0.002*G17+2*F17/2 -> 0 | V17: 32mm Ø | W17: 6.3216658 | X17: =IF(C17>0,Z17*J17*VLOOKUP(I17,$V$11:$W$17,2,FALSE),"") | Y17: =IF(C17>0,O17*AA17*VLOOKUP(I17,$V$11:$W$17,2,FALSE),"") | Z17: =IF(C17>0,CEILING(C17*D17*(L17)/(J17-0.5),1),"") | AA17: =IF(C17>0,CEILING(C17*(E17*D17*1000/M17/K17),1),"") | AB17: =K17 -> 0 | AC17: =IF(C17>0,AC$21-$AB17*FLOOR(AC$21/$AB17,1),"") | AD17: =IF(D17>0,AD$21-$AB17*FLOOR(AD$21/$AB17,1),"") | AE17: =IF(E17>0,AE$21-$AB17*FLOOR(AE$21/$AB17,1),"") | AF17: =IF(F17>0,AF$21-$AB17*FLOOR(AF$21/$AB17,1),"") | AG17: =IF(G17>0,AG$21-$AB17*FLOOR(AG$21/$AB17,1),"") | AH17: =IF(AB17>0,SMALL(AC17:AG17,1),"") | AI17: =IF(AB17>0,HLOOKUP(AH17,AC17:AG33,5,FALSE),"") | AL17: =C17*D17*E17*F17 -> 0 | AM17: =C17*D17*E17*H17*1.05 -> 0 | AN17: =AM17-(AL17*1.15) -> 0 | AO17: =D17*E17*C17 -> 0 | AQ17: =P17 -> 0 | AR17: =IF(C17>0,AR$21-$AQ17*FLOOR(AR$21/$AQ17,1),"") | AS17: =IF(D17>0,AS$21-$AQ17*FLOOR(AS$21/$AQ17,1),"") | AT17: =IF(E17>0,AT$21-$AQ17*FLOOR(AT$21/$AQ17,1),"") | AU17: =IF(F17>0,AU$21-$AQ17*FLOOR(AU$21/$AQ17,1),"") | AV17: =IF(G17>0,AV$21-$AQ17*FLOOR(AV$21/$AQ17,1),"") | AW17: =IF(AQ17>0,SMALL(AR17:AV17,1),"") | AX17: =IF(AQ17>0,HLOOKUP(AW17,AR17:AV33,5,FALSE),"") | AY17: =IF(AQ17>0,SMALL(AR17:AV17,1),"") | AZ17: =IF(AQ17>0,HLOOKUP(AY17,AR17:AV33,5,FALSE),"")
B18: WF-8 | J18: =K18 -> 0 | O18: =K18 -> 0 | P18: =E18-0.002*G18+2*F18/2 -> 0 | X18: =IF(C18>0,Z18*J18*VLOOKUP(I18,$V$11:$W$17,2,FALSE),"") | Y18: =IF(C18>0,O18*AA18*VLOOKUP(I18,$V$11:$W$17,2,FALSE),"") | Z18: =IF(C18>0,CEILING(C18*D18*(L18)/(J18-0.5),1),"") | AA18: =IF(C18>0,CEILING(C18*(E18*D18*1000/M18/K18),1),"") | AB18: =K18 -> 0 | AC18: =IF(C18>0,AC$21-$AB18*FLOOR(AC$21/$AB18,1),"") | AD18: =IF(D18>0,AD$21-$AB18*FLOOR(AD$21/$AB18,1),"") | AE18: =IF(E18>0,AE$21-$AB18*FLOOR(AE$21/$AB18,1),"") | AF18: =IF(F18>0,AF$21-$AB18*FLOOR(AF$21/$AB18,1),"") | AG18: =IF(G18>0,AG$21-$AB18*FLOOR(AG$21/$AB18,1),"") | AH18: =IF(AB18>0,SMALL(AC18:AG18,1),"") | AI18: =IF(AB18>0,HLOOKUP(AH18,AC18:AG35,4,FALSE),"") | AL18: =C18*D18*E18*F18 -> 0 | AM18: =C18*D18*E18*H18*1.05 -> 0 | AN18: =AM18-(AL18*1.15) -> 0 | AO18: =D18*E18*C18 -> 0 | AQ18: =P18 -> 0 | AR18: =IF(C18>0,AR$21-$AQ18*FLOOR(AR$21/$AQ18,1),"") | AS18: =IF(D18>0,AS$21-$AQ18*FLOOR(AS$21/$AQ18,1),"") | AT18: =IF(E18>0,AT$21-$AQ18*FLOOR(AT$21/$AQ18,1),"") | AU18: =IF(F18>0,AU$21-$AQ18*FLOOR(AU$21/$AQ18,1),"") | AV18: =IF(G18>0,AV$21-$AQ18*FLOOR(AV$21/$AQ18,1),"") | AW18: =IF(AQ18>0,SMALL(AR18:AV18,1),"") | AX18: =IF(AQ18>0,HLOOKUP(AW18,AR18:AV35,4,FALSE),"") | AY18: =IF(AQ18>0,SMALL(AR18:AV18,1),"") | AZ18: =IF(AQ18>0,HLOOKUP(AY18,AR18:AV35,4,FALSE),"")
B19: WF-9 | J19: =K19 -> 0 | O19: =K19 -> 0 | P19: =E19-0.002*G19+2*F19/2 -> 0 | X19: =IF(C19>0,Z19*J19*VLOOKUP(I19,$V$11:$W$17,2,FALSE),"") | Y19: =IF(C19>0,O19*AA19*VLOOKUP(I19,$V$11:$W$17,2,FALSE),"") | Z19: =IF(C19>0,CEILING(C19*D19*(L19)/(J19-0.5),1),"") | AA19: =IF(C19>0,CEILING(C19*(E19*D19*1000/M19/K19),1),"") | AB19: =K19 -> 0 | AC19: =IF(C19>0,AC$21-$AB19*FLOOR(AC$21/$AB19,1),"") | AD19: =IF(D19>0,AD$21-$AB19*FLOOR(AD$21/$AB19,1),"") | AE19: =IF(E19>0,AE$21-$AB19*FLOOR(AE$21/$AB19,1),"") | AF19: =IF(F19>0,AF$21-$AB19*FLOOR(AF$21/$AB19,1),"") | AG19: =IF(G19>0,AG$21-$AB19*FLOOR(AG$21/$AB19,1),"") | AH19: =IF(AB19>0,SMALL(AC19:AG19,1),"") | AI19: =IF(AB19>0,HLOOKUP(AH19,AC19:AG37,3,FALSE),"") | AL19: =C19*D19*E19*F19 -> 0 | AM19: =C19*D19*E19*H19*1.05 -> 0 | AN19: =AM19-(AL19*1.15) -> 0 | AO19: =D19*E19*C19 -> 0 | AQ19: =P19 -> 0 | AR19: =IF(C19>0,AR$21-$AQ19*FLOOR(AR$21/$AQ19,1),"") | AS19: =IF(D19>0,AS$21-$AQ19*FLOOR(AS$21/$AQ19,1),"") | AT19: =IF(E19>0,AT$21-$AQ19*FLOOR(AT$21/$AQ19,1),"") | AU19: =IF(F19>0,AU$21-$AQ19*FLOOR(AU$21/$AQ19,1),"") | AV19: =IF(G19>0,AV$21-$AQ19*FLOOR(AV$21/$AQ19,1),"") | AW19: =IF(AQ19>0,SMALL(AR19:AV19,1),"") | AX19: =IF(AQ19>0,HLOOKUP(AW19,AR19:AV37,3,FALSE),"") | AY19: =IF(AQ19>0,SMALL(AR19:AV19,1),"") | AZ19: =IF(AQ19>0,HLOOKUP(AY19,AR19:AV37,3,FALSE),"")
B20: WF-10 | J20: =K20 -> 0 | O20: =K20 -> 0 | P20: =E20-0.002*G20+2*F20/2 -> 0 | X20: =IF(C20>0,Z20*J20*VLOOKUP(I20,$V$11:$W$17,2,FALSE),"") | Y20: =IF(C20>0,O20*AA20*VLOOKUP(I20,$V$11:$W$17,2,FALSE),"") | Z20: =IF(C20>0,CEILING(C20*D20*(L20)/(J20-0.5),1),"") | AA20: =IF(C20>0,CEILING(C20*(E20*D20*1000/M20/K20),1),"") | AB20: =K20 -> 0 | AC20: =IF(C20>0,AC$21-$AB20*FLOOR(AC$21/$AB20,1),"") | AD20: =IF(D20>0,AD$21-$AB20*FLOOR(AD$21/$AB20,1),"") | AE20: =IF(E20>0,AE$21-$AB20*FLOOR(AE$21/$AB20,1),"") | AF20: =IF(F20>0,AF$21-$AB20*FLOOR(AF$21/$AB20,1),"") | AG20: =IF(G20>0,AG$21-$AB20*FLOOR(AG$21/$AB20,1),"") | AH20: =IF(AB20>0,SMALL(AC20:AG20,1),"") | AI20: =IF(AB20>0,HLOOKUP(AH20,AC20:AG39,2,FALSE),"") | AL20: =C20*D20*E20*F20 -> 0 | AM20: =C20*D20*E20*H20*1.05 -> 0 | AN20: =AM20-(AL20*1.15) -> 0 | AO20: =D20*E20*C20 -> 0 | AQ20: =P20 -> 0 | AR20: =IF(C20>0,AR$21-$AQ20*FLOOR(AR$21/$AQ20,1),"") | AS20: =IF(D20>0,AS$21-$AQ20*FLOOR(AS$21/$AQ20,1),"") | AT20: =IF(E20>0,AT$21-$AQ20*FLOOR(AT$21/$AQ20,1),"") | AU20: =IF(F20>0,AU$21-$AQ20*FLOOR(AU$21/$AQ20,1),"") | AV20: =IF(G20>0,AV$21-$AQ20*FLOOR(AV$21/$AQ20,1),"") | AW20: =IF(AQ20>0,SMALL(AR20:AV20,1),"") | AX20: =IF(AQ20>0,HLOOKUP(AW20,AR20:AV39,2,FALSE),"") | AY20: =IF(AQ20>0,SMALL(AR20:AV20,1),"") | AZ20: =IF(AQ20>0,HLOOKUP(AY20,AR20:AV39,2,FALSE),"")
X21: =SUM(X11:X17) -> 117.34592 | Y21: =SUM(Y11:Y17) -> 53.339055 | AC21: 6 | AD21: =AC21+1.5 -> 7.5 | AE21: =AD21+1.5 -> 9 | AF21: =AE21+1.5 -> 10.5 | AG21: =AF21+1.5 -> 12 | AL21: =SUM(AL11:AL20) -> 5.625 | AM21: =SUM(AM11:AM20) -> 23.625 | AN21: =SUM(AN11:AN20) -> 17.71875 | AR21: 6 | AS21: =AR21+1.5 -> 7.5 | AT21: =AS21+1.5 -> 9 | AU21: =AT21+1.5 -> 10.5 | AV21: =AU21+1.5 -> 12
F22: MATERIALS | X22: =X21+Y21 -> 170.68498 | AL22: =VLOOKUP(G8,AJ11:AK14,2,FALSE) -> 8
X23: Tie Wire | Y23: =CEILING(0.013*X22,0.5) -> 2.5 | AK23: Cement | AL23: =CEILING(AL22*AL21,1) -> 45
F24: FOOTING | G24: ITEM | H24: QUANTITY | I24: UNIT | J24: PRICE | K24: TOTAL COST | AK24: Sand | AL24: =AL21/2 -> 2.8125
G25: ='Materials Price List'!A8 -> Cement | H25: =AL23 -> 45 | I25: bags | J25: =IF(H25="","",VLOOKUP(G25,'Materials Price List'!$A$8:$B$46,2,FALSE)) -> 220 | K25: =IF(H25="","",H25*J25) -> 9900 | AK25: Gravel | AL25: =AL21 -> 5.625
G26: ='Materials Price List'!A9 -> Sand | H26: =AL24 -> 2.8125 | I26: cu.m | J26: =IF(H26="","",VLOOKUP(G26,'Materials Price List'!$A$8:$B$46,2,FALSE)) -> 875 | K26: =IF(H26="","",H26*J26) -> 2460.9375
G27: ='Materials Price List'!A10 -> Gravel | H27: =AL25 -> 5.625 | I27: cu.m | J27: =IF(H27="","",VLOOKUP(G27,'Materials Price List'!$A$8:$B$46,2,FALSE)) -> 1875 | K27: =IF(H27="","",H27*J27) -> 10546.875
G28: Tie Wire | H28: =Y23 -> 2.5 | I28: kg | J28: =IF(H28="","",VLOOKUP(G28,'Materials Price List'!$A$8:$B$46,2,FALSE)) -> 95 | K28: =IF(H28="","",H28*J28) -> 237.5
F29: =IF(C11>0,B11,"") -> WF-1 | G29: =IF(C11>0,CONCATENATE(I11," X ",J11,"m"),"") -> 12mm Ø X 6m | H29: =Z11 -> 22 | I29: =IF(H29="","","pcs") -> pcs | J29: =IF(H29="","",VLOOKUP(G29,'Materials Price List'!$A$8:$B$46,2)) -> 235.88028 | K29: =IF(H29="","",H29*J29) -> 5189.3662
F30: =F29 -> WF-1 | G30: =IF(C11>0,CONCATENATE(N11," X ",O11,"m"),"") -> 10mm Ø X 6m | H30: =AA11 -> 10 | I30: =IF(H30="","","pcs") -> pcs | J30: =IF(H30="","",VLOOKUP(G30,'Materials Price List'!$A$8:$B$46,2)) -> 165 | K30: =IF(H30="","",H30*J30) -> 1650
F31: =IF(C12>0,B12,"") | G31: =IF(C12>0,CONCATENATE(I12," X ",J12,"m"),"") | H31: =Z12 | I31: =IF(H31="","","pcs") | J31: =IF(H31="","",VLOOKUP(G31,'Materials Price List'!$A$8:$B$46,2)) | K31: =IF(H31="","",H31*J31)
F32: =F31 | G32: =IF(C12>0,CONCATENATE(N12," X ",O12,"m"),"") | H32: =AA12 | I32: =IF(H32="","","pcs") | J32: =IF(H32="","",VLOOKUP(G32,'Materials Price List'!$A$8:$B$46,2)) | K32: =IF(H32="","",H32*J32)
F33: =IF(C13>0,B13,"") | G33: =IF(C13>0,CONCATENATE(I13," X ",J13,"m"),"") | H33: =Z13 | I33: =IF(H33="","","pcs") | J33: =IF(H33="","",VLOOKUP(G33,'Materials Price List'!$A$8:$B$46,2)) | K33: =IF(H33="","",H33*J33)
F34: =F33 | G34: =IF(C13>0,CONCATENATE(N13," X ",O13,"m"),"") | H34: =AA13 | I34: =IF(H34="","","pcs") | J34: =IF(H34="","",VLOOKUP(G34,'Materials Price List'!$A$8:$B$46,2)) | K34: =IF(H34="","",H34*J34)
F35: =IF(C14>0,B14,"") | G35: =IF(C14>0,CONCATENATE(I14," X ",J14,"m"),"") | H35: =Z14 | I35: =IF(H35="","","pcs") | J35: =IF(H35="","",VLOOKUP(G35,'Materials Price List'!$A$8:$B$46,2)) | K35: =IF(H35="","",H35*J35)
F36: =F35 | G36: =IF(C14>0,CONCATENATE(N14," X ",O14,"m"),"") | H36: =AA14 | I36: =IF(H36="","","pcs") | J36: =IF(H36="","",VLOOKUP(G36,'Materials Price List'!$A$8:$B$46,2)) | K36: =IF(H36="","",H36*J36)
F37: =IF(C15>0,B15,"") | G37: =IF(C15>0,CONCATENATE(I15," X ",J15,"m"),"") | H37: =Z15 | I37: =IF(H37="","","pcs") | J37: =IF(H37="","",VLOOKUP(G37,'Materials Price List'!$A$8:$B$46,2)) | K37: =IF(H37="","",H37*J37)
F38: =F37 | G38: =IF(C15>0,CONCATENATE(N15," X ",O15,"m"),"") | H38: =AA15 | I38: =IF(H38="","","pcs") | J38: =IF(H38="","",VLOOKUP(G38,'Materials Price List'!$A$8:$B$46,2)) | K38: =IF(H38="","",H38*J38)
F39: =IF(C16>0,B16,"") | G39: =IF(C16>0,CONCATENATE(I16," X ",J16,"m"),"") | H39: =Z16 | I39: =IF(H39="","","pcs") | J39: =IF(H39="","",VLOOKUP(G39,'Materials Price List'!$A$8:$B$46,2)) | K39: =IF(H39="","",H39*J39)
F40: =F39 | G40: =IF(C16>0,CONCATENATE(N16," X ",O16,"m"),"") | H40: =AA16 | I40: =IF(H40="","","pcs") | J40: =IF(H40="","",VLOOKUP(G40,'Materials Price List'!$A$8:$B$46,2)) | K40: =IF(H40="","",H40*J40)
F41: =IF(C17>0,B17,"") | G41: =IF(C17>0,CONCATENATE(I17," X ",J17,"m"),"") | H41: =Z17 | I41: =IF(H41="","","pcs") | J41: =IF(H41="","",VLOOKUP(G41,'Materials Price List'!$A$8:$B$46,2)) | K41: =IF(H41="","",H41*J41)
F42: =F41 | G42: =IF(C17>0,CONCATENATE(N17," X ",O17,"m"),"") | H42: =AA17 | I42: =IF(H42="","","pcs") | J42: =IF(H42="","",VLOOKUP(G42,'Materials Price List'!$A$8:$B$46,2)) | K42: =IF(H42="","",H42*J42)
F43: =IF(C18>0,B18,"") | G43: =IF(C18>0,CONCATENATE(I18," X ",J18,"m"),"") | H43: =Z18 | I43: =IF(H43="","","pcs") | J43: =IF(H43="","",VLOOKUP(G43,'Materials Price List'!$A$8:$B$46,2)) | K43: =IF(H43="","",H43*J43)
F44: =F43 | G44: =IF(C18>0,CONCATENATE(N18," X ",O18,"m"),"") | H44: =AA18 | I44: =IF(H44="","","pcs") | J44: =IF(H44="","",VLOOKUP(G44,'Materials Price List'!$A$8:$B$46,2)) | K44: =IF(H44="","",H44*J44)
F45: =IF(C19>0,B19,"") | G45: =IF(C19>0,CONCATENATE(I19," X ",J19,"m"),"") | H45: =Z19 | I45: =IF(H45="","","pcs") | J45: =IF(H45="","",VLOOKUP(G45,'Materials Price List'!$A$8:$B$46,2)) | K45: =IF(H45="","",H45*J45)
F46: =F45 | G46: =IF(C19>0,CONCATENATE(N19," X ",O19,"m"),"") | H46: =AA19 | I46: =IF(H46="","","pcs") | J46: =IF(H46="","",VLOOKUP(G46,'Materials Price List'!$A$8:$B$46,2)) | K46: =IF(H46="","",H46*J46)
F47: =IF(C20>0,B20,"") | G47: =IF(C20>0,CONCATENATE(I20," X ",J20,"m"),"") | H47: =Z20 | I47: =IF(H47="","","pcs") | J47: =IF(H47="","",VLOOKUP(G47,'Materials Price List'!$A$8:$B$46,2)) | K47: =IF(H47="","",H47*J47)
F48: =F47 | G48: =IF(C20>0,CONCATENATE(N20," X ",O20,"m"),"") | H48: =AA20 | I48: =IF(H48="","","pcs") | J48: =IF(H48="","",VLOOKUP(G48,'Materials Price List'!$A$8:$B$46,2)) | K48: =IF(H48="","",H48*J48)
F49: TOTAL MATERIAL COST = | K49: =SUM(K25:K48) -> 29984.679
F50: LABOR COST (% of Materials) = | J50: 0.35 | K50: =J50*K49 -> 10494.638
F52: Excavation = | H52: =AM21 -> 23.625 | I52: cu.m | J52: 200 | K52: per cu.m
F53: Backfill = | H53: =AN21 -> 17.71875 | I53: cu.m | J53: 125 | K53: =K52 -> per cu.m
F55: EXCAVATION COST = | K55: =J52*H52 -> 4725
F56: BACKFILL COST = | K56: =H53*J53 -> 2214.8438
F58: ONE-BAGGER MIXER OUTPUT = | J58: 8 | K58: cu.m per day
F59: TOTAL DAYS (rounded up to 1 day) = | J59: =CEILING(SUM(AL11:AL20)/J58,1) -> 1 | K59: day
F60: ONE-BAGGER MIXER RENTAL RATE = | J60: ='Materials Price List'!B47 -> 1200 | K60: per day
F61: ONE-BAGGER MIXER RENTAL COST = | K61: =J60*J59 -> 1200
H63: TOTAL COST = | K63: =K49+K50+K61+K55+K56 -> 48619.16

Sheet Column
B1: COLUMN ESTIMATE
B6: COLUMN DETAILS
B7: COLUMN | C7: Quantity | D7: Concrete | G7: Concrete Mix Class | I7: Reinforcement (Rebar Length = Automatic)
G8: AA
D9: B1 (m) | E9: B2 (m) | F9: Height (m) | G9: Concrete Cover (mm) | H9: Footing Depth if Ground Column | I9: MAIN REINFORCEMENT | N9: LATERAL TIES | AL9: Concrete Volume | AM9: Excavation | AN9: Backfill | AO9: AREA | BE9: FORMWORKS
I10: Bar Size | J10: Economical Bar Length (m) | K10: Steel Bars Length | L10: Top Bar (pcs) | M10: Bottom Bar (pcs) | N10: Bar Size | O10: Economical Bar Length (m) | P10: Cutting Length | Q10: MAIN TIES SPACING (mm) | R10: Bottom Bar (pcs) | X10: Tie Wire | Y10: Tie Wire | AY10: Bar size | AZ10: Bar Length | BA10: Along Length | BB10: Quantity | BC10: Along Width | BD10: Quantity | BE10: AREA | BF10: PLYWOOD | BG10: 2X2X8 | BH10: 2X3X8 | BI10: CWN 2" | BJ10: CWN 3"
B11: C-1 | C11: 4 | D11: 0.4 | E11: 0.4 | F11: 4 | G11: 40 | H11: 1.5 | I11: 16mm Ø | J11: =AI11 -> 6 | K11: =F11+H11-G11/1000+IF(C11>0,0.5,0) -> 5.96 | L11: 3 | M11: 3 | N11: 10mm Ø | O11: =AX11 -> 12 | P11: =IF(C11>0,0.05*2+2*(D11+E11)-4*(G11/1000),0) -> 1.54 | Q11: 200 | R11: 0 | T11: =4*0.05+10*0.1 -> 1.2 | U11: =F11-T11 -> 2.8 | V11: 10mm Ø | W11: 0.61735018 | X11: =IF(C11>0,Z11*J11*VLOOKUP(I11,$V$11:$W$17,2,FALSE),"") -> 227.57997 | Y11: =IF(C11>0,O11*AA11*VLOOKUP(I11,$V$11:$W$17,2,FALSE),"") -> 284.47496 | Z11: =IF(C11>0,CEILING(C11*K11*(L11+M11)/J11,1),"") -> 24 | AA11: =IF(C11>0,CEILING(C11*P11*(14+U11*1000/Q11+R11+1)/O11,1),"") -> 15 | AB11: =K11 -> 5.96 | AC11: =IF(C11>0,AC$21-$AB11*FLOOR(AC$21/$AB11,1),"") -> 0.04 | AD11: =IF(D11>0,AD$21-$AB11*FLOOR(AD$21/$AB11,1),"") -> 1.54 | AE11: =IF(E11>0,AE$21-$AB11*FLOOR(AE$21/$AB11,1),"") -> 3.04 | AF11: =IF(F11>0,AF$21-$AB11*FLOOR(AF$21/$AB11,1),"") -> 4.54 | AG11: =IF(G11>0,AG$21-$AB11*FLOOR(AG$21/$AB11,1),"") -> 0.08 | AH11: =IF(AB11>0,SMALL(AC11:AG11,1),"") -> 0.04 | AI11: =IF(AB11>0,HLOOKUP(AH11,AC11:AG21,11,FALSE),"") -> 6 | AJ11: AA | AK11: 12 | AL11: =C11*D11*E11*F11 -> 2.56 | AM11: =C11*D11*E11*H11*1.3 -> 1.248 | AN11: =AM11-(AL11*1.15) -> -1.696 | AO11: =D11*E11*C11 -> 0.64 | AQ11: =P11 -> 1.54 | AR11: =IF(C11>0,AR$21-$AQ11*FLOOR(AR$21/$AQ11,1),"") -> 1.38 | AS11: =IF(D11>0,AS$21-$AQ11*FLOOR(AS$21/$AQ11,1),"") -> 1.34 | AT11: =IF(E11>0,AT$21-$AQ11*FLOOR(AT$21/$AQ11,1),"") -> 1.3 | AU11: =IF(F11>0,AU$21-$AQ11*FLOOR(AU$21/$AQ11,1),"") -> 1.26 | AV11: =IF(G11>0,AV$21-$AQ11*FLOOR(AV$21/$AQ11,1),"") -> 1.22 | AW11: =IF(AQ11>0,SMALL(AR11:AV11,1),"") -> 1.22 | AX11: =IF(AQ11>0,HLOOKUP(AW11,AR11:AV21,11,FALSE),"") -> 12 | BE11: =C11*2*(D11+E11)*F11 -> 25.6 | BF11: =BE11/(1.2*2.4) -> 8.8888889 | BG11: =BF11*20.33/(2*2*8/12)/1.5 -> 45.177778 | BH11: =BF11*30.5/(2*3*8/12)/1.5 -> 45.185185 | BI11: =0.02*4*8*BF11 -> 5.6888889 | BJ11: =0.02*4*8*BF11 -> 5.6888889
B12: C-2 | J12: =AI12 | K12: =F12+H12-G12/1000+IF(C12>0,0.5,0) -> 0 | O12: =AX12 | P12: =IF(C12>0,0.05*2+2*(D12+E12)-4*(G12/1000),0) -> 0 | R12: 0 | T12: =4*0.05+10*0.1 -> 1.2 | U12: =F12-T12 -> -1.2 | V12: 12mm Ø | W12: 0.88898426 | X12: =IF(C12>0,Z12*J12*VLOOKUP(I12,$V$11:$W$17,2,FALSE),"") | Y12: =IF(C12>0,O12*AA12*VLOOKUP(I12,$V$11:$W$17,2,FALSE),"") | Z12: =IF(C12>0,CEILING(C12*K12*(L12+M12)/J12,1),"") | AA12: =IF(C12>0,CEILING(C12*P12*(14+U12*1000/Q12+R12+1)/O12,1),"") | AB12: =K12 -> 0 | AC12: =IF(C12>0,AC$21-$AB12*FLOOR(AC$21/$AB12,1),"") | AD12: =IF(D12>0,AD$21-$AB12*FLOOR(AD$21/$AB12,1),"") | AE12: =IF(E12>0,AE$21-$AB12*FLOOR(AE$21/$AB12,1),"") | AF12: =IF(F12>0,AF$21-$AB12*FLOOR(AF$21/$AB12,1),"") | AG12: =IF(G12>0,AG$21-$AB12*FLOOR(AG$21/$AB12,1),"") | AH12: =IF(AB12>0,SMALL(AC12:AG12,1),"") | AI12: =IF(AB12>0,HLOOKUP(AH12,AC12:AG22,10,FALSE),"") | AJ12: A | AK12: 10 | AL12: =C12*D12*E12*F12 -> 0 | AM12: =C12*D12*E12*H12*1.3 -> 0 | AN12: =AM12-(AL12*1.15) -> 0 | AO12: =D12*E12*C12 -> 0 | AQ12: =P12 -> 0 | AR12: =IF(C12>0,AR$21-$AQ12*FLOOR(AR$21/$AQ12,1),"") | AS12: =IF(D12>0,AS$21-$AQ12*FLOOR(AS$21/$AQ12,1),"") | AT12: =IF(E12>0,AT$21-$AQ12*FLOOR(AT$21/$AQ12,1),"") | AU12: =IF(F12>0,AU$21-$AQ12*FLOOR(AU$21/$AQ12,1),"") | AV12: =IF(G12>0,AV$21-$AQ12*FLOOR(AV$21/$AQ12,1),"") | AW12: =IF(AQ12>0,SMALL(AR12:AV12,1),"") | AX12: =IF(AQ12>0,HLOOKUP(AW12,AR12:AV22,10,FALSE),"") | BE12: =C12*2*(D12+E12)*F12 -> 0 | BF12: =BE12/(1.2*2.4) -> 0 | BG12: =BF12*20.33/(2*2*8/12)/1.5 -> 0 | BH12: =BF12*30.5/(2*3*8/12)/1.5 -> 0 | BI12: =0.02*4*8*BF12 -> 0 | BJ12: =0.02*4*8*BF12 -> 0
B13: C-3 | J13: =AI13 | K13: =F13+H13-G13/1000+IF(C13>0,0.5,0) -> 0 | O13: =AX13 | P13: =IF(C13>0,0.05*2+2*(D13+E13)-4*(G13/1000),0) -> 0 | R13: 0 | T13: =4*0.05+10*0.1 -> 1.2 | U13: =F13-T13 -> -1.2 | V13: 16mm Ø | W13: 1.5804165 | X13: =IF(C13>0,Z13*J13*VLOOKUP(I13,$V$11:$W$17,2,FALSE),"") | Y13: =IF(C13>0,O13*AA13*VLOOKUP(I13,$V$11:$W$17,2,FALSE),"") | Z13: =IF(C13>0,CEILING(C13*K13*(L13+M13)/J13,1),"") | AA13: =IF(C13>0,CEILING(C13*P13*(14+U13*1000/Q13+R13+1)/O13,1),"") | AB13: =K13 -> 0 | AC13: =IF(C13>0,AC$21-$AB13*FLOOR(AC$21/$AB13,1),"") | AD13: =IF(D13>0,AD$21-$AB13*FLOOR(AD$21/$AB13,1),"") | AE13: =IF(E13>0,AE$21-$AB13*FLOOR(AE$21/$AB13,1),"") | AF13: =IF(F13>0,AF$21-$AB13*FLOOR(AF$21/$AB13,1),"") | AG13: =IF(G13>0,AG$21-$AB13*FLOOR(AG$21/$AB13,1),"") | AH13: =IF(AB13>0,SMALL(AC13:AG13,1),"") | AI13: =IF(AB13>0,HLOOKUP(AH13,AC13:AG23,9,FALSE),"") | AJ13: B | AK13: 8 | AL13: =C13*D13*E13*F13 -> 0 | AM13: =C13*D13*E13*H13*1.3 -> 0 | AN13: =AM13-(AL13*1.15) -> 0 | AO13: =D13*E13*C13 -> 0 | AQ13: =P13 -> 0 | AR13: =IF(C13>0,AR$21-$AQ13*FLOOR(AR$21/$AQ13,1),"") | AS13: =IF(D13>0,AS$21-$AQ13*FLOOR(AS$21/$AQ13,1),"") | AT13: =IF(E13>0,AT$21-$AQ13*FLOOR(AT$21/$AQ13,1),"") | AU13: =IF(F13>0,AU$21-$AQ13*FLOOR(AU$21/$AQ13,1),"") | AV13: =IF(G13>0,AV$21-$AQ13*FLOOR(AV$21/$AQ13,1),"") | AW13: =IF(AQ13>0,SMALL(AR13:AV13,1),"") | AX13: =IF(AQ13>0,HLOOKUP(AW13,AR13:AV23,9,FALSE),"") | BE13: =C13*2*(D13+E13)*F13 -> 0 | BF13: =BE13/(1.2*2.4) -> 0 | BG13: =BF13*20.33/(2*2*8/12)/1.5 -> 0 | BH13: =BF13*30.5/(2*3*8/12)/1.5 -> 0 | BI13: =0.02*4*8*BF13 -> 0 | BJ13: =0.02*4*8*BF13 -> 0
B14: C-4 | J14: =AI14 | K14: =F14+H14-G14/1000+IF(C14>0,0.5,0) -> 0 | O14: =AX14 | P14: =IF(C14>0,0.05*2+2*(D14+E14)-4*(G14/1000),0) -> 0 | R14: 0 | T14: =4*0.05+10*0.1 -> 1.2 | U14: =F14-T14 -> -1.2 | V14: 20mm Ø | W14: 2.4694007 | X14: =IF(C14>0,Z14*J14*VLOOKUP(I14,$V$11:$W$17,2,FALSE),"") | Y14: =IF(C14>0,O14*AA14*VLOOKUP(I14,$V$11:$W$17,2,FALSE),"") | Z14: =IF(C14>0,CEILING(C14*K14*(L14+M14)/J14,1),"") | AA14: =IF(C14>0,CEILING(C14*P14*(14+U14*1000/Q14+R14+1)/O14,1),"") | AB14: =K14 -> 0 | AC14: =IF(C14>0,AC$21-$AB14*FLOOR(AC$21/$AB14,1),"") | AD14: =IF(D14>0,AD$21-$AB14*FLOOR(AD$21/$AB14,1),"") | AE14: =IF(E14>0,AE$21-$AB14*FLOOR(AE$21/$AB14,1),"") | AF14: =IF(F14>0,AF$21-$AB14*FLOOR(AF$21/$AB14,1),"") | AG14: =IF(G14>0,AG$21-$AB14*FLOOR(AG$21/$AB14,1),"") | AH14: =IF(AB14>0,SMALL(AC14:AG14,1),"") | AI14: =IF(AB14>0,HLOOKUP(AH14,AC14:AG24,8,FALSE),"") | AJ14: C | AK14: 6.5 | AL14: =C14*D14*E14*F14 -> 0 | AM14: =C14*D14*E14*H14*1.3 -> 0 | AN14: =AM14-(AL14*1.15) -> 0 | AO14: =D14*E14*C14 -> 0 | AQ14: =P14 -> 0 | AR14: =IF(C14>0,AR$21-$AQ14*FLOOR(AR$21/$AQ14,1),"") | AS14: =IF(D14>0,AS$21-$AQ14*FLOOR(AS$21/$AQ14,1),"") | AT14: =IF(E14>0,AT$21-$AQ14*FLOOR(AT$21/$AQ14,1),"") | AU14: =IF(F14>0,AU$21-$AQ14*FLOOR(AU$21/$AQ14,1),"") | AV14: =IF(G14>0,AV$21-$AQ14*FLOOR(AV$21/$AQ14,1),"") | AW14: =IF(AQ14>0,SMALL(AR14:AV14,1),"") | AX14: =IF(AQ14>0,HLOOKUP(AW14,AR14:AV24,8,FALSE),"") | AY14: =IF(AQ14>0,SMALL(AR14:AV14,1),"") | AZ14: =IF(AQ14>0,HLOOKUP(AY14,AR14:AV24,8,FALSE),"") | BE14: =C14*2*(D14+E14)*F14 -> 0 | BF14: =BE14/(1.2*2.4) -> 0 | BG14: =BF14*20.33/(2*2*8/12)/1.5 -> 0 | BH14: =BF14*30.5/(2*3*8/12)/1.5 -> 0 | BI14: =0.02*4*8*BF14 -> 0 | BJ14: =0.02*4*8*BF14 -> 0
B15: C-5 | J15: =AI15 | K15: =F15+H15-G15/1000+IF(C15>0,0.5,0) -> 0 | O15: =AX15 | P15: =IF(C15>0,0.05*2+2*(D15+E15)-4*(G15/1000),0) -> 0 | R15: 0 | T15: =4*0.05+10*0.1 -> 1.2 | U15: =F15-T15 -> -1.2 | V15: 25mm Ø | W15: 3.8584386 | X15: =IF(C15>0,Z15*J15*VLOOKUP(I15,$V$11:$W$17,2,FALSE),"") | Y15: =IF(C15>0,O15*AA15*VLOOKUP(I15,$V$11:$W$17,2,FALSE),"") | Z15: =IF(C15>0,CEILING(C15*K15*(L15+M15)/J15,1),"") | AA15: =IF(C15>0,CEILING(C15*P15*(14+U15*1000/Q15+R15+1)/O15,1),"") | AB15: =K15 -> 0 | AC15: =IF(C15>0,AC$21-$AB15*FLOOR(AC$21/$AB15,1),"") | AD15: =IF(D15>0,AD$21-$AB15*FLOOR(AD$21/$AB15,1),"") | AE15: =IF(E15>0,AE$21-$AB15*FLOOR(AE$21/$AB15,1),"") | AF15: =IF(F15>0,AF$21-$AB15*FLOOR(AF$21/$AB15,1),"") | AG15: =IF(G15>0,AG$21-$AB15*FLOOR(AG$21/$AB15,1),"") | AH15: =IF(AB15>0,SMALL(AC15:AG15,1),"") | AI15: =IF(AB15>0,HLOOKUP(AH15,AC15:AG34,7,FALSE),"") | AL15: =C15*D15*E15*F15 -> 0 | AM15: =C15*D15*E15*H15*1.3 -> 0 | AN15: =AM15-(AL15*1.15) -> 0 | AO15: =D15*E15*C15 -> 0 | AQ15: =P15 -> 0 | AR15: =IF(C15>0,AR$21-$AQ15*FLOOR(AR$21/$AQ15,1),"") | AS15: =IF(D15>0,AS$21-$AQ15*FLOOR(AS$21/$AQ15,1),"") | AT15: =IF(E15>0,AT$21-$AQ15*FLOOR(AT$21/$AQ15,1),"") | AU15: =IF(F15>0,AU$21-$AQ15*FLOOR(AU$21/$AQ15,1),"") | AV15: =IF(G15>0,AV$21-$AQ15*FLOOR(AV$21/$AQ15,1),"") | AW15: =IF(AQ15>0,SMALL(AR15:AV15,1),"") | AX15: =IF(AQ15>0,HLOOKUP(AW15,AR15:AV34,7,FALSE),"") | AY15: =IF(AQ15>0,SMALL(AR15:AV15,1),"") | AZ15: =IF(AQ15>0,HLOOKUP(AY15,AR15:AV34,7,FALSE),"") | BE15: =C15*2*(D15+E15)*F15 -> 0 | BF15: =BE15/(1.2*2.4) -> 0 | BG15: =BF15*20.33/(2*2*8/12)/1.5 -> 0 | BH15: =BF15*30.5/(2*3*8/12)/1.5 -> 0 | BI15: =0.02*4*8*BF15 -> 0 | BJ15: =0.02*4*8*BF15 -> 0
B16: C-6 | J16: =AI16 | K16: =F16+H16-G16/1000+IF(C16>0,0.5,0) -> 0 | O16: =AX16 | P16: =IF(C16>0,0.05*2+2*(D16+E16)-4*(G16/1000),0) -> 0 | R16: 0 | T16: =4*0.05+10*0.1 -> 1.2 | U16: =F16-T16 -> -1.2 | V16: 28mm Ø | W16: 4.8400254 | X16: =IF(C16>0,Z16*J16*VLOOKUP(I16,$V$11:$W$17,2,FALSE),"") | Y16: =IF(C16>0,O16*AA16*VLOOKUP(I16,$V$11:$W$17,2,FALSE),"") | Z16: =IF(C16>0,CEILING(C16*K16*(L16+M16)/J16,1),"") | AA16: =IF(C16>0,CEILING(C16*P16*(14+U16*1000/Q16+R16+1)/O16,1),"") | AB16: =K16 -> 0 | AC16: =IF(C16>0,AC$21-$AB16*FLOOR(AC$21/$AB16,1),"") | AD16: =IF(D16>0,AD$21-$AB16*FLOOR(AD$21/$AB16,1),"") | AE16: =IF(E16>0,AE$21-$AB16*FLOOR(AE$21/$AB16,1),"") | AF16: =IF(F16>0,AF$21-$AB16*FLOOR(AF$21/$AB16,1),"") | AG16: =IF(G16>0,AG$21-$AB16*FLOOR(AG$21/$AB16,1),"") | AH16: =IF(AB16>0,SMALL(AC16:AG16,1),"") | AI16: =IF(AB16>0,HLOOKUP(AH16,AC16:AG36,6,FALSE),"") | AL16: =C16*D16*E16*F16 -> 0 | AM16: =C16*D16*E16*H16*1.3 -> 0 | AN16: =AM16-(AL16*1.15) -> 0 | AO16: =D16*E16*C16 -> 0 | AQ16: =P16 -> 0 | AR16: =IF(C16>0,AR$21-$AQ16*FLOOR(AR$21/$AQ16,1),"") | AS16: =IF(D16>0,AS$21-$AQ16*FLOOR(AS$21/$AQ16,1),"") | AT16: =IF(E16>0,AT$21-$AQ16*FLOOR(AT$21/$AQ16,1),"") | AU16: =IF(F16>0,AU$21-$AQ16*FLOOR(AU$21/$AQ16,1),"") | AV16: =IF(G16>0,AV$21-$AQ16*FLOOR(AV$21/$AQ16,1),"") | AW16: =IF(AQ16>0,SMALL(AR16:AV16,1),"") | AX16: =IF(AQ16>0,HLOOKUP(AW16,AR16:AV36,6,FALSE),"") | AY16: =IF(AQ16>0,SMALL(AR16:AV16,1),"") | AZ16: =IF(AQ16>0,HLOOKUP(AY16,AR16:AV36,6,FALSE),"") | BE16: =C16*2*(D16+E16)*F16 -> 0 | BF16: =BE16/(1.2*2.4) -> 0 | BG16: =BF16*20.33/(2*2*8/12)/1.5 -> 0 | BH16: =BF16*30.5/(2*3*8/12)/1.5 -> 0 | BI16: =0.02*4*8*BF16 -> 0 | BJ16: =0.02*4*8*BF16 -> 0
B17: C-7 | J17: =AI17 | K17: =F17+H17-G17/1000+IF(C17>0,0.5,0) -> 0 | O17: =AX17 | P17: =IF(C17>0,0.05*2+2*(D17+E17)-4*(G17/1000),0) -> 0 | R17: 0 | T17: =4*0.05+10*0.1 -> 1.2 | U17: =F17-T17 -> -1.2 | V17: 32mm Ø | W17: 6.3216658 | X17: =IF(C17>0,Z17*J17*VLOOKUP(I17,$V$11:$W$17,2,FALSE),"") | Y17: =IF(C17>0,O17*AA17*VLOOKUP(I17,$V$11:$W$17,2,FALSE),"") | Z17: =IF(C17>0,CEILING(C17*K17*(L17+M17)/J17,1),"") | AA17: =IF(C17>0,CEILING(C17*P17*(14+U17*1000/Q17+R17+1)/O17,1),"") | AB17: =K17 -> 0 | AC17: =IF(C17>0,AC$21-$AB17*FLOOR(AC$21/$AB17,1),"") | AD17: =IF(D17>0,AD$21-$AB17*FLOOR(AD$21/$AB17,1),"") | AE17: =IF(E17>0,AE$21-$AB17*FLOOR(AE$21/$AB17,1),"") | AF17: =IF(F17>0,AF$21-$AB17*FLOOR(AF$21/$AB17,1),"") | AG17: =IF(G17>0,AG$21-$AB17*FLOOR(AG$21/$AB17,1),"") | AH17: =IF(AB17>0,SMALL(AC17:AG17,1),"") | AI17: =IF(AB17>0,HLOOKUP(AH17,AC17:AG38,5,FALSE),"") | AL17: =C17*D17*E17*F17 -> 0 | AM17: =C17*D17*E17*H17*1.3 -> 0 | AN17: =AM17-(AL17*1.15) -> 0 | AO17: =D17*E17*C17 -> 0 | AQ17: =P17 -> 0 | AR17: =IF(C17>0,AR$21-$AQ17*FLOOR(AR$21/$AQ17,1),"") | AS17: =IF(D17>0,AS$21-$AQ17*FLOOR(AS$21/$AQ17,1),"") | AT17: =IF(E17>0,AT$21-$AQ17*FLOOR(AT$21/$AQ17,1),"") | AU17: =IF(F17>0,AU$21-$AQ17*FLOOR(AU$21/$AQ17,1),"") | AV17: =IF(G17>0,AV$21-$AQ17*FLOOR(AV$21/$AQ17,1),"") | AW17: =IF(AQ17>0,SMALL(AR17:AV17,1),"") | AX17: =IF(AQ17>0,HLOOKUP(AW17,AR17:AV38,5,FALSE),"") | AY17: =IF(AQ17>0,SMALL(AR17:AV17,1),"") | AZ17: =IF(AQ17>0,HLOOKUP(AY17,AR17:AV38,5,FALSE),"") | BE17: =C17*2*(D17+E17)*F17 -> 0 | BF17: =BE17/(1.2*2.4) -> 0 | BG17: =BF17*20.33/(2*2*8/12)/1.5 -> 0 | BH17: =BF17*30.5/(2*3*8/12)/1.5 -> 0 | BI17: =0.02*4*8*BF17 -> 0 | BJ17: =0.02*4*8*BF17 -> 0
B18: C-8 | J18: =AI18 | K18: =F18+H18-G18/1000+IF(C18>0,0.5,0) -> 0 | O18: =AX18 | P18: =IF(C18>0,0.05*2+2*(D18+E18)-4*(G18/1000),0) -> 0 | R18: 0 | T18: =4*0.05+10*0.1 -> 1.2 | U18: =F18-T18 -> -1.2 | X18: =IF(C18>0,Z18*J18*VLOOKUP(I18,$V$11:$W$17,2,FALSE),"") | Y18: =IF(C18>0,O18*AA18*VLOOKUP(I18,$V$11:$W$17,2,FALSE),"") | Z18: =IF(C18>0,CEILING(C18*K18*(L18+M18)/J18,1),"") | AA18: =IF(C18>0,CEILING(C18*P18*(14+U18*1000/Q18+R18+1)/O18,1),"") | AB18: =K18 -> 0 | AC18: =IF(C18>0,AC$21-$AB18*FLOOR(AC$21/$AB18,1),"") | AD18: =IF(D18>0,AD$21-$AB18*FLOOR(AD$21/$AB18,1),"") | AE18: =IF(E18>0,AE$21-$AB18*FLOOR(AE$21/$AB18,1),"") | AF18: =IF(F18>0,AF$21-$AB18*FLOOR(AF$21/$AB18,1),"") | AG18: =IF(G18>0,AG$21-$AB18*FLOOR(AG$21/$AB18,1),"") | AH18: =IF(AB18>0,SMALL(AC18:AG18,1),"") | AI18: =IF(AB18>0,HLOOKUP(AH18,AC18:AG40,4,FALSE),"") | AL18: =C18*D18*E18*F18 -> 0 | AM18: =C18*D18*E18*H18*1.3 -> 0 | AN18: =AM18-(AL18*1.15) -> 0 | AO18: =D18*E18*C18 -> 0 | AQ18: =P18 -> 0 | AR18: =IF(C18>0,AR$21-$AQ18*FLOOR(AR$21/$AQ18,1),"") | AS18: =IF(D18>0,AS$21-$AQ18*FLOOR(AS$21/$AQ18,1),"") | AT18: =IF(E18>0,AT$21-$AQ18*FLOOR(AT$21/$AQ18,1),"") | AU18: =IF(F18>0,AU$21-$AQ18*FLOOR(AU$21/$AQ18,1),"") | AV18: =IF(G18>0,AV$21-$AQ18*FLOOR(AV$21/$AQ18,1),"") | AW18: =IF(AQ18>0,SMALL(AR18:AV18,1),"") | AX18: =IF(AQ18>0,HLOOKUP(AW18,AR18:AV40,4,FALSE),"") | AY18: =IF(AQ18>0,SMALL(AR18:AV18,1),"") | AZ18: =IF(AQ18>0,HLOOKUP(AY18,AR18:AV40,4,FALSE),"") | BE18: =C18*2*(D18+E18)*F18 -> 0 | BF18: =BE18/(1.2*2.4) -> 0 | BG18: =BF18*20.33/(2*2*8/12)/1.5 -> 0 | BH18: =BF18*30.5/(2*3*8/12)/1.5 -> 0 | BI18: =0.02*4*8*BF18 -> 0 | BJ18: =0.02*4*8*BF18 -> 0
B19: C-9 | J19: =AI19 | K19: =F19+H19-G19/1000+IF(C19>0,0.5,0) -> 0 | O19: =AX19 | P19: =IF(C19>0,0.05*2+2*(D19+E19)-4*(G19/1000),0) -> 0 | R19: 0 | T19: =4*0.05+10*0.1 -> 1.2 | U19: =F19-T19 -> -1.2 | X19: =IF(C19>0,Z19*J19*VLOOKUP(I19,$V$11:$W$17,2,FALSE),"") | Y19: =IF(C19>0,O19*AA19*VLOOKUP(I19,$V$11:$W$17,2,FALSE),"") | Z19: =IF(C19>0,CEILING(C19*K19*(L19+M19)/J19,1),"") | AA19: =IF(C19>0,CEILING(C19*P19*(14+U19*1000/Q19+R19+1)/O19,1),"") | AB19: =K19 -> 0 | AC19: =IF(C19>0,AC$21-$AB19*FLOOR(AC$21/$AB19,1),"") | AD19: =IF(D19>0,AD$21-$AB19*FLOOR(AD$21/$AB19,1),"") | AE19: =IF(E19>0,AE$21-$AB19*FLOOR(AE$21/$AB19,1),"") | AF19: =IF(F19>0,AF$21-$AB19*FLOOR(AF$21/$AB19,1),"") | AG19: =IF(G19>0,AG$21-$AB19*FLOOR(AG$21/$AB19,1),"") | AH19: =IF(AB19>0,SMALL(AC19:AG19,1),"") | AI19: =IF(AB19>0,HLOOKUP(AH19,AC19:AG42,3,FALSE),"") | AL19: =C19*D19*E19*F19 -> 0 | AM19: =C19*D19*E19*H19*1.3 -> 0 | AN19: =AM19-(AL19*1.15) -> 0 | AO19: =D19*E19*C19 -> 0 | AQ19: =P19 -> 0 | AR19: =IF(C19>0,AR$21-$AQ19*FLOOR(AR$21/$AQ19,1),"") | AS19: =IF(D19>0,AS$21-$AQ19*FLOOR(AS$21/$AQ19,1),"") | AT19: =IF(E19>0,AT$21-$AQ19*FLOOR(AT$21/$AQ19,1),"") | AU19: =IF(F19>0,AU$21-$AQ19*FLOOR(AU$21/$AQ19,1),"") | AV19: =IF(G19>0,AV$21-$AQ19*FLOOR(AV$21/$AQ19,1),"") | AW19: =IF(AQ19>0,SMALL(AR19:AV19,1),"") | AX19: =IF(AQ19>0,HLOOKUP(AW19,AR19:AV42,3,FALSE),"") | AY19: =IF(AQ19>0,SMALL(AR19:AV19,1),"") | AZ19: =IF(AQ19>0,HLOOKUP(AY19,AR19:AV42,3,FALSE),"") | BE19: =C19*2*(D19+E19)*F19 -> 0 | BF19: =BE19/(1.2*2.4) -> 0 | BG19: =BF19*20.33/(2*2*8/12)/1.5 -> 0 | BH19: =BF19*30.5/(2*3*8/12)/1.5 -> 0 | BI19: =0.02*4*8*BF19 -> 0 | BJ19: =0.02*4*8*BF19 -> 0
B20: C-10 | J20: =AI20 | K20: =F20+H20-G20/1000+IF(C20>0,0.5,0) -> 0 | O20: =AX20 | P20: =IF(C20>0,0.05*2+2*(D20+E20)-4*(G20/1000),0) -> 0 | R20: 0 | T20: =4*0.05+10*0.1 -> 1.2 | U20: =F20-T20 -> -1.2 | X20: =IF(C20>0,Z20*J20*VLOOKUP(I20,$V$11:$W$17,2,FALSE),"") | Y20: =IF(C20>0,O20*AA20*VLOOKUP(I20,$V$11:$W$17,2,FALSE),"") | Z20: =IF(C20>0,CEILING(C20*K20*(L20+M20)/J20,1),"") | AA20: =IF(C20>0,CEILING(C20*P20*(14+U20*1000/Q20+R20+1)/O20,1),"") | AB20: =K20 -> 0 | AC20: =IF(C20>0,AC$21-$AB20*FLOOR(AC$21/$AB20,1),"") | AD20: =IF(D20>0,AD$21-$AB20*FLOOR(AD$21/$AB20,1),"") | AE20: =IF(E20>0,AE$21-$AB20*FLOOR(AE$21/$AB20,1),"") | AF20: =IF(F20>0,AF$21-$AB20*FLOOR(AF$21/$AB20,1),"") | AG20: =IF(G20>0,AG$21-$AB20*FLOOR(AG$21/$AB20,1),"") | AH20: =IF(AB20>0,SMALL(AC20:AG20,1),"") | AI20: =IF(AB20>0,HLOOKUP(AH20,AC20:AG44,2,FALSE),"") | AL20: =C20*D20*E20*F20 -> 0 | AM20: =C20*D20*E20*H20*1.3 -> 0 | AN20: =AM20-(AL20*1.15) -> 0 | AO20: =D20*E20*C20 -> 0 | AQ20: =P20 -> 0 | AR20: =IF(C20>0,AR$21-$AQ20*FLOOR(AR$21/$AQ20,1),"") | AS20: =IF(D20>0,AS$21-$AQ20*FLOOR(AS$21/$AQ20,1),"") | AT20: =IF(E20>0,AT$21-$AQ20*FLOOR(AT$21/$AQ20,1),"") | AU20: =IF(F20>0,AU$21-$AQ20*FLOOR(AU$21/$AQ20,1),"") | AV20: =IF(G20>0,AV$21-$AQ20*FLOOR(AV$21/$AQ20,1),"") | AW20: =IF(AQ20>0,SMALL(AR20:AV20,1),"") | AX20: =IF(AQ20>0,HLOOKUP(AW20,AR20:AV44,2,FALSE),"") | AY20: =IF(AQ20>0,SMALL(AR20:AV20,1),"") | AZ20: =IF(AQ20>0,HLOOKUP(AY20,AR20:AV44,2,FALSE),"") | BE20: =C20*2*(D20+E20)*F20 -> 0 | BF20: =BE20/(1.2*2.4) -> 0 | BG20: =BF20*20.33/(2*2*8/12)/1.5 -> 0 | BH20: =BF20*30.5/(2*3*8/12)/1.5 -> 0 | BI20: =0.02*4*8*BF20 -> 0 | BJ20: =0.02*4*8*BF20 -> 0
X21: =SUM(X11:X17) -> 227.57997 | Y21: =SUM(Y11:Y17) -> 284.47496 | AC21: 6 | AD21: =AC21+1.5 -> 7.5 | AE21: =AD21+1.5 -> 9 | AF21: =AE21+1.5 -> 10.5 | AG21: =AF21+1.5 -> 12 | AL21: =SUM(AL11:AL20) -> 2.56 | AM21: =SUM(AM11:AM20) -> 1.248 | AN21: =SUM(AN11:AN20) -> -1.696 | AR21: 6 | AS21: =AR21+1.5 -> 7.5 | AT21: =AS21+1.5 -> 9 | AU21: =AT21+1.5 -> 10.5 | AV21: =AU21+1.5 -> 12 | BF21: =CEILING(SUM(BF11:BF20),1) -> 9 | BG21: =CEILING(SUM(BG11:BG20),1) -> 46 | BH21: =CEILING(SUM(BH11:BH20),1) -> 46 | BI21: =CEILING(SUM(BI11:BI20),1) -> 6 | BJ21: =CEILING(SUM(BJ11:BJ20),1) -> 6
F22: MATERIALS | X22: =X21+Y21 -> 512.05493 | AL22: =VLOOKUP(G8,AJ11:AK14,2,FALSE) -> 12
X23: Tie Wire | Y23: =CEILING(0.013*X22,0.5) -> 7 | AK23: Cement | AL23: =CEILING(AL22*AL21,1) -> 31
F24: COLUMN | G24: ITEM | H24: QUANTITY | I24: UNIT | J24: PRICE | K24: TOTAL COST | AK24: Sand | AL24: =AL21/2 -> 1.28
G25: ='Materials Price List'!A8 -> Cement | H25: =AL23 -> 31 | I25: bags | J25: =IF(H25="","",VLOOKUP(G25,'Materials Price List'!$A$8:$B$100,2,FALSE)) -> 220 | K25: =IF(H25="","",H25*J25) -> 6820 | AK25: Gravel | AL25: =AL21 -> 2.56
G26: ='Materials Price List'!A9 -> Sand | H26: =AL24 -> 1.28 | I26: cu.m | J26: =IF(H26="","",VLOOKUP(G26,'Materials Price List'!$A$8:$B$100,2,FALSE)) -> 875 | K26: =IF(H26="","",H26*J26) -> 1120
G27: ='Materials Price List'!A10 -> Gravel | H27: =AL25 -> 2.56 | I27: cu.m | J27: =IF(H27="","",VLOOKUP(G27,'Materials Price List'!$A$8:$B$100,2,FALSE)) -> 1875 | K27: =IF(H27="","",H27*J27) -> 4800
G28: ='Materials Price List'!A11 -> Tie Wire | H28: =Y23 -> 7 | I28: kg | J28: =IF(H28="","",VLOOKUP(G28,'Materials Price List'!$A$8:$B$100,2,FALSE)) -> 95 | K28: =IF(H28="","",H28*J28) -> 665
G29: ='Materials Price List'!A51 -> 2x3x8 Good Lumber | H29: =BH21 -> 46 | I29: pcs | J29: =IF(H29="","",VLOOKUP(G29,'Materials Price List'!$A$8:$B$100,2,FALSE)) -> 275 | K29: =IF(H29="","",H29*J29) -> 12650
G30: ='Materials Price List'!A52 -> 2x2x8 Good Lumber | H30: =BG21 -> 46 | I30: pcs | J30: =IF(H30="","",VLOOKUP(G30,'Materials Price List'!$A$8:$B$100,2,FALSE)) -> 210 | K30: =IF(H30="","",H30*J30) -> 9660
G31: ='Materials Price List'!A54 -> 3/4" Phenolic Board | H31: =BF21 -> 9 | I31: pcs | J31: =IF(H31="","",VLOOKUP(G31,'Materials Price List'!$A$8:$B$100,2,FALSE)) -> 1200 | K31: =IF(H31="","",H31*J31) -> 10800
G32: ='Materials Price List'!A55 -> Common Nail 2" | H32: =BI21 -> 6 | I32: kg | J32: =IF(H32="","",VLOOKUP(G32,'Materials Price List'!$A$8:$B$100,2,FALSE)) -> 90 | K32: =IF(H32="","",H32*J32) -> 540
G33: ='Materials Price List'!A56 -> Common Nail 3" | H33: =BJ21 -> 6 | I33: kg | J33: =IF(H33="","",VLOOKUP(G33,'Materials Price List'!$A$8:$B$100,2,FALSE)) -> 90 | K33: =IF(H33="","",H33*J33) -> 540
F34: =IF(C11>0,B11,"") -> C-1 | G34: =IF(C11>0,CONCATENATE(I11," X ",J11,"m"),"") -> 16mm Ø X 6m | H34: =Z11 -> 24 | I34: =IF(H34="","","pcs") -> pcs | J34: =IF(H34="","",VLOOKUP(G34,'Materials Price List'!$A$8:$B$100,2,FALSE)) -> 419.47183 | K34: =IF(H34="","",H34*J34) -> 10067.324
F35: =F34 -> C-1 | G35: =IF(C11>0,CONCATENATE(N11," X ",O11,"m"),"") -> 10mm Ø X 12m | H35: =AA11 -> 15 | I35: =IF(H35="","","pcs") -> pcs | J35: =IF(H35="","",VLOOKUP(G35,'Materials Price List'!$A$8:$B$100,2,FALSE)) -> 328.83803 | K35: =IF(H35="","",H35*J35) -> 4932.5704
F36: =IF(C12>0,B12,"") | G36: =IF(C12>0,CONCATENATE(I12," X ",J12,"m"),"") | H36: =Z12 | I36: =IF(H36="","","pcs") | J36: =IF(H36="","",VLOOKUP(G36,'Materials Price List'!$A$12:$B$46,2)) | K36: =IF(H36="","",H36*J36)
F37: =F36 | G37: =IF(C12>0,CONCATENATE(N12," X ",O12,"m"),"") | H37: =AA12 | I37: =IF(H37="","","pcs") | J37: =IF(H37="","",VLOOKUP(G37,'Materials Price List'!$A$12:$B$46,2)) | K37: =IF(H37="","",H37*J37)
F38: =IF(C13>0,B13,"") | G38: =IF(C13>0,CONCATENATE(I13," X ",J13,"m"),"") | H38: =Z13 | I38: =IF(H38="","","pcs") | J38: =IF(H38="","",VLOOKUP(G38,'Materials Price List'!$A$12:$B$46,2)) | K38: =IF(H38="","",H38*J38)
F39: =F38 | G39: =IF(C13>0,CONCATENATE(N13," X ",O13,"m"),"") | H39: =AA13 | I39: =IF(H39="","","pcs") | J39: =IF(H39="","",VLOOKUP(G39,'Materials Price List'!$A$12:$B$46,2)) | K39: =IF(H39="","",H39*J39)
F40: =IF(C14>0,B14,"") | G40: =IF(C14>0,CONCATENATE(I14," X ",J14,"m"),"") | H40: =Z14 | I40: =IF(H40="","","pcs") | J40: =IF(H40="","",VLOOKUP(G40,'Materials Price List'!$A$12:$B$46,2)) | K40: =IF(H40="","",H40*J40)
F41: =F40 | G41: =IF(C14>0,CONCATENATE(N14," X ",O14,"m"),"") | H41: =AA14 | I41: =IF(H41="","","pcs") | J41: =IF(H41="","",VLOOKUP(G41,'Materials Price List'!$A$12:$B$46,2)) | K41: =IF(H41="","",H41*J41)
F42: =IF(C15>0,B15,"") | G42: =IF(C15>0,CONCATENATE(I15," X ",J15,"m"),"") | H42: =Z15 | I42: =IF(H42="","","pcs") | J42: =IF(H42="","",VLOOKUP(G42,'Materials Price List'!$A$12:$B$46,2)) | K42: =IF(H42="","",H42*J42)
F43: =F42 | G43: =IF(C15>0,CONCATENATE(N15," X ",O15,"m"),"") | H43: =AA15 | I43: =IF(H43="","","pcs") | J43: =IF(H43="","",VLOOKUP(G43,'Materials Price List'!$A$12:$B$46,2)) | K43: =IF(H43="","",H43*J43)
F44: =IF(C16>0,B16,"") | G44: =IF(C16>0,CONCATENATE(I16," X ",J16,"m"),"") | H44: =Z16 | I44: =IF(H44="","","pcs") | J44: =IF(H44="","",VLOOKUP(G44,'Materials Price List'!$A$12:$B$46,2)) | K44: =IF(H44="","",H44*J44)
F45: =F44 | G45: =IF(C16>0,CONCATENATE(N16," X ",O16,"m"),"") | H45: =AA16 | I45: =IF(H45="","","pcs") | J45: =IF(H45="","",VLOOKUP(G45,'Materials Price List'!$A$12:$B$46,2)) | K45: =IF(H45="","",H45*J45)
F46: =IF(C17>0,B17,"") | G46: =IF(C17>0,CONCATENATE(I17," X ",J17,"m"),"") | H46: =Z17 | I46: =IF(H46="","","pcs") | J46: =IF(H46="","",VLOOKUP(G46,'Materials Price List'!$A$12:$B$46,2)) | K46: =IF(H46="","",H46*J46)
F47: =F46 | G47: =IF(C17>0,CONCATENATE(N17," X ",O17,"m"),"") | H47: =AA17 | I47: =IF(H47="","","pcs") | J47: =IF(H47="","",VLOOKUP(G47,'Materials Price List'!$A$12:$B$46,2)) | K47: =IF(H47="","",H47*J47)
F48: =IF(C18>0,B18,"") | G48: =IF(C18>0,CONCATENATE(I18," X ",J18,"m"),"") | H48: =Z18 | I48: =IF(H48="","","pcs") | J48: =IF(H48="","",VLOOKUP(G48,'Materials Price List'!$A$12:$B$46,2)) | K48: =IF(H48="","",H48*J48)
F49: =F48 | G49: =IF(C18>0,CONCATENATE(N18," X ",O18,"m"),"") | H49: =AA18 | I49: =IF(H49="","","pcs") | J49: =IF(H49="","",VLOOKUP(G49,'Materials Price List'!$A$12:$B$46,2)) | K49: =IF(H49="","",H49*J49)
F50: =IF(C19>0,B19,"") | G50: =IF(C19>0,CONCATENATE(I19," X ",J19,"m"),"") | H50: =Z19 | I50: =IF(H50="","","pcs") | J50: =IF(H50="","",VLOOKUP(G50,'Materials Price List'!$A$12:$B$46,2)) | K50: =IF(H50="","",H50*J50)
F51: =F50 | G51: =IF(C19>0,CONCATENATE(N19," X ",O19,"m"),"") | H51: =AA19 | I51: =IF(H51="","","pcs") | J51: =IF(H51="","",VLOOKUP(G51,'Materials Price List'!$A$12:$B$46,2)) | K51: =IF(H51="","",H51*J51)
F52: =IF(C20>0,B20,"") | G52: =IF(C20>0,CONCATENATE(I20," X ",J20,"m"),"") | H52: =Z20 | I52: =IF(H52="","","pcs") | J52: =IF(H52="","",VLOOKUP(G52,'Materials Price List'!$A$12:$B$46,2)) | K52: =IF(H52="","",H52*J52)
F53: =F52 | G53: =IF(C20>0,CONCATENATE(N20," X ",O20,"m"),"") | H53: =AA20 | I53: =IF(H53="","","pcs") | J53: =IF(H53="","",VLOOKUP(G53,'Materials Price List'!$A$12:$B$46,2)) | K53: =IF(H53="","",H53*J53)
F54: TOTAL MATERIAL COST = | K54: =SUM(K25:K53) -> 62594.894
F55: LABOR COST (% of Materials) = | J55: 0.35 | K55: =J55*K54 -> 21908.213
F57: ONE-BAGGER MIXER OUTPUT = | J57: 8 | K57: cu.m per day
F58: TOTAL DAYS (rounded up to 1 day) = | J58: =CEILING(SUM(AL11:AL20)/J57,1) -> 1 | K58: day
F59: ONE-BAGGER MIXER RENTAL RATE = | J59: ='Materials Price List'!B47 -> 1200 | K59: per day
F60: ONE-BAGGER MIXER RENTAL COST = | K60: =J59*J58 -> 1200
H62: TOTAL COST = | K62: =K54+K55+K60 -> 85703.107

Sheet Beam wd Pumpcrete
B1: COLUMN ESTIMATE
B6: FOOTING DETAILS
B7: COLUMN | C7: Quantity | D7: Concrete | G7: Concrete Mix Class | I7: Reinforcement
G8: AA
D9: B1 (m) | E9: B2 (m) | F9: Height (m) | G9: Concrete Cover (mm) | H9: Footing Depth if Ground Column | I9: MAIN REINFORCEMENT | N9: LATERAL TIES | AL9: Concrete Volume | AM9: Excavation | AN9: Backfill | AO9: AREA
I10: Bar Size | J10: Economical Bar Length (m) | K10: Steel Bars Length | L10: Top Bar (pcs) | M10: Bottom Bar (pcs) | N10: Bar Size | O10: Economical Bar Length (m) | P10: Cutting Length | Q10: MAIN TIES SPACING (mm) | R10: Bottom Bar (pcs) | X10: Tie Wire | Y10: Tie Wire | AY10: Bar size | AZ10: Bar Length | BA10: Along Length | BB10: Quantity | BC10: Along Width | BD10: Quantity
B11: C-1 | C11: 4 | D11: 0.4 | E11: 0.15 | F11: 4 | G11: 40 | H11: 1.5 | I11: 16mm Ø | J11: =AI11 -> 6 | K11: =F11+H11 -> 5.5 | M11: 8 | N11: 10mm Ø | O11: =AX11 -> 10.5 | P11: =IF(C11>0,0.05*2+2*(D11+E11)-4*(G11/1000),0) -> 1.04 | Q11: 150 | R11: 0 | T11: =4*0.05+10*0.1 -> 1.2 | U11: =F11-T11 -> 2.8 | V11: 10mm Ø | W11: 0.61735018 | X11: =IF(C11>0,Z11*J11*VLOOKUP(I11,V11:W17,2,FALSE),"") -> 284.47496 | Y11: =IF(C11>0,O11*AA11*VLOOKUP(I11,V11:W17,2,FALSE),"") -> 232.32122 | Z11: =IF(C11>0,CEILING(C11*K11*(L11+M11)/J11,1),"") -> 30 | AA11: =IF(C11>0,CEILING(C11*P11*(14+U11*1000/Q11+R11+1)/O11,1),"") -> 14 | AB11: =K11 -> 5.5 | AC11: =IF(C11>0,AC$21-$AB11*FLOOR(AC$21/$AB11,1),"") -> 0.5 | AD11: =IF(D11>0,AD$21-$AB11*FLOOR(AD$21/$AB11,1),"") -> 2 | AE11: =IF(E11>0,AE$21-$AB11*FLOOR(AE$21/$AB11,1),"") -> 3.5 | AF11: =IF(F11>0,AF$21-$AB11*FLOOR(AF$21/$AB11,1),"") -> 5 | AG11: =IF(G11>0,AG$21-$AB11*FLOOR(AG$21/$AB11,1),"") -> 1 | AH11: =IF(AB11>0,SMALL(AC11:AG11,1),"") -> 0.5 | AI11: =IF(AB11>0,HLOOKUP(AH11,AC11:AG21,11,FALSE),"") -> 6 | AJ11: AA | AK11: 12 | AL11: =C11*D11*E11*F11 -> 0.96 | AM11: =C11*D11*E11*H11*1.3 -> 0.468 | AN11: =AM11-(AL11*1.15) -> -0.636 | AO11: =D11*E11*C11 -> 0.24 | AQ11: =P11 -> 1.04 | AR11: =IF(C11>0,AR$21-$AQ11*FLOOR(AR$21/$AQ11,1),"") -> 0.8 | AS11: =IF(D11>0,AS$21-$AQ11*FLOOR(AS$21/$AQ11,1),"") -> 0.22 | AT11: =IF(E11>0,AT$21-$AQ11*FLOOR(AT$21/$AQ11,1),"") -> 0.68 | AU11: =IF(F11>0,AU$21-$AQ11*FLOOR(AU$21/$AQ11,1),"") -> 0.1 | AV11: =IF(G11>0,AV$21-$AQ11*FLOOR(AV$21/$AQ11,1),"") -> 0.56 | AW11: =IF(AQ11>0,SMALL(AR11:AV11,1),"") -> 0.1 | AX11: =IF(AQ11>0,HLOOKUP(AW11,AR11:AV21,11,FALSE),"") -> 10.5
B12: C-2 | J12: =AI12 | K12: =F12+H12 -> 0 | O12: =AX12 | P12: =IF(C12>0,0.05*2+2*(D12+E12)-4*(G12/1000),0) -> 0 | R12: 0 | V12: 12mm Ø | W12: 0.88898426 | X12: =IF(C12>0,Z12*J12*VLOOKUP(I12,V12:W18,2,FALSE),"") | Y12: =IF(C12>0,O12*AA12*VLOOKUP(I12,V12:W18,2,FALSE),"") | Z12: =IF(C12>0,CEILING(C12*K12*(L12+M12)/J12,1),"") | AA12: =IF(C12>0,CEILING(C12*P12*(14+U12*1000/Q12+R12+1)/O12,1),"") | AB12: =K12 -> 0 | AC12: =IF(C12>0,AC$21-$AB12*FLOOR(AC$21/$AB12,1),"") | AD12: =IF(D12>0,AD$21-$AB12*FLOOR(AD$21/$AB12,1),"") | AE12: =IF(E12>0,AE$21-$AB12*FLOOR(AE$21/$AB12,1),"") | AF12: =IF(F12>0,AF$21-$AB12*FLOOR(AF$21/$AB12,1),"") | AG12: =IF(G12>0,AG$21-$AB12*FLOOR(AG$21/$AB12,1),"") | AH12: =IF(AB12>0,SMALL(AC12:AG12,1),"") | AI12: =IF(AB12>0,HLOOKUP(AH12,AC12:AG22,10,FALSE),"") | AJ12: A | AK12: 10 | AL12: =C12*D12*E12*F12 -> 0 | AM12: =C12*D12*E12*H12*1.3 -> 0 | AN12: =AM12-(AL12*1.15) -> 0 | AO12: =D12*E12*C12 -> 0 | AQ12: =P12 -> 0 | AR12: =IF(C12>0,AR$21-$AQ12*FLOOR(AR$21/$AQ12,1),"") | AS12: =IF(D12>0,AS$21-$AQ12*FLOOR(AS$21/$AQ12,1),"") | AT12: =IF(E12>0,AT$21-$AQ12*FLOOR(AT$21/$AQ12,1),"") | AU12: =IF(F12>0,AU$21-$AQ12*FLOOR(AU$21/$AQ12,1),"") | AV12: =IF(G12>0,AV$21-$AQ12*FLOOR(AV$21/$AQ12,1),"") | AW12: =IF(AQ12>0,SMALL(AR12:AV12,1),"") | AX12: =IF(AQ12>0,HLOOKUP(AW12,AR12:AV22,10,FALSE),"")
B13: C-3 | J13: =AI13 | K13: =F13+H13 -> 0 | O13: =AX13 | P13: =IF(C13>0,0.05*2+2*(D13+E13)-4*(G13/1000),0) -> 0 | R13: 0 | V13: 16mm Ø | W13: 1.5804165 | X13: =IF(C13>0,Z13*J13*VLOOKUP(I13,V13:W19,2,FALSE),"") | Y13: =IF(C13>0,O13*AA13*VLOOKUP(I13,V13:W19,2,FALSE),"") | Z13: =IF(C13>0,CEILING(C13*K13*(L13+M13)/J13,1),"") | AA13: =IF(C13>0,CEILING(C13*P13*(14+U13*1000/Q13+R13+1)/O13,1),"") | AB13: =K13 -> 0 | AC13: =IF(C13>0,AC$21-$AB13*FLOOR(AC$21/$AB13,1),"") | AD13: =IF(D13>0,AD$21-$AB13*FLOOR(AD$21/$AB13,1),"") | AE13: =IF(E13>0,AE$21-$AB13*FLOOR(AE$21/$AB13,1),"") | AF13: =IF(F13>0,AF$21-$AB13*FLOOR(AF$21/$AB13,1),"") | AG13: =IF(G13>0,AG$21-$AB13*FLOOR(AG$21/$AB13,1),"") | AH13: =IF(AB13>0,SMALL(AC13:AG13,1),"") | AI13: =IF(AB13>0,HLOOKUP(AH13,AC13:AG23,9,FALSE),"") | AJ13: B | AK13: 8 | AL13: =C13*D13*E13*F13 -> 0 | AM13: =C13*D13*E13*H13*1.3 -> 0 | AN13: =AM13-(AL13*1.15) -> 0 | AO13: =D13*E13*C13 -> 0 | AQ13: =P13 -> 0 | AR13: =IF(C13>0,AR$21-$AQ13*FLOOR(AR$21/$AQ13,1),"") | AS13: =IF(D13>0,AS$21-$AQ13*FLOOR(AS$21/$AQ13,1),"") | AT13: =IF(E13>0,AT$21-$AQ13*FLOOR(AT$21/$AQ13,1),"") | AU13: =IF(F13>0,AU$21-$AQ13*FLOOR(AU$21/$AQ13,1),"") | AV13: =IF(G13>0,AV$21-$AQ13*FLOOR(AV$21/$AQ13,1),"") | AW13: =IF(AQ13>0,SMALL(AR13:AV13,1),"") | AX13: =IF(AQ13>0,HLOOKUP(AW13,AR13:AV23,9,FALSE),"")
B14: C-4 | J14: =AI14 | K14: =F14+H14 -> 0 | O14: =AX14 | P14: =IF(C14>0,0.05*2+2*(D14+E14)-4*(G14/1000),0) -> 0 | R14: 0 | V14: 20mm Ø | W14: 2.4694007 | X14: =IF(C14>0,Z14*J14*VLOOKUP(I14,V14:W20,2,FALSE),"") | Y14: =IF(C14>0,O14*AA14*VLOOKUP(I14,V14:W20,2,FALSE),"") | Z14: =IF(C14>0,CEILING(C14*K14*(L14+M14)/J14,1),"") | AA14: =IF(C14>0,CEILING(C14*P14*(14+U14*1000/Q14+R14+1)/O14,1),"") | AB14: =K14 -> 0 | AC14: =IF(C14>0,AC$21-$AB14*FLOOR(AC$21/$AB14,1),"") | AD14: =IF(D14>0,AD$21-$AB14*FLOOR(AD$21/$AB14,1),"") | AE14: =IF(E14>0,AE$21-$AB14*FLOOR(AE$21/$AB14,1),"") | AF14: =IF(F14>0,AF$21-$AB14*FLOOR(AF$21/$AB14,1),"") | AG14: =IF(G14>0,AG$21-$AB14*FLOOR(AG$21/$AB14,1),"") | AH14: =IF(AB14>0,SMALL(AC14:AG14,1),"") | AI14: =IF(AB14>0,HLOOKUP(AH14,AC14:AG24,8,FALSE),"") | AJ14: C | AK14: 6.5 | AL14: =C14*D14*E14*F14 -> 0 | AM14: =C14*D14*E14*H14*1.3 -> 0 | AN14: =AM14-(AL14*1.15) -> 0 | AO14: =D14*E14*C14 -> 0 | AQ14: =P14 -> 0 | AR14: =IF(C14>0,AR$21-$AQ14*FLOOR(AR$21/$AQ14,1),"") | AS14: =IF(D14>0,AS$21-$AQ14*FLOOR(AS$21/$AQ14,1),"") | AT14: =IF(E14>0,AT$21-$AQ14*FLOOR(AT$21/$AQ14,1),"") | AU14: =IF(F14>0,AU$21-$AQ14*FLOOR(AU$21/$AQ14,1),"") | AV14: =IF(G14>0,AV$21-$AQ14*FLOOR(AV$21/$AQ14,1),"") | AW14: =IF(AQ14>0,SMALL(AR14:AV14,1),"") | AX14: =IF(AQ14>0,HLOOKUP(AW14,AR14:AV24,8,FALSE),"") | AY14: =IF(AQ14>0,SMALL(AR14:AV14,1),"") | AZ14: =IF(AQ14>0,HLOOKUP(AY14,AR14:AV24,8,FALSE),"")
B15: C-5 | J15: =AI15 | K15: =F15+H15 -> 0 | O15: =AX15 | P15: =IF(C15>0,0.05*2+2*(D15+E15)-4*(G15/1000),0) -> 0 | R15: 0 | V15: 25mm Ø | W15: 3.8584386 | X15: =IF(C15>0,Z15*J15*VLOOKUP(I15,V15:W21,2,FALSE),"") | Y15: =IF(C15>0,O15*AA15*VLOOKUP(I15,V15:W21,2,FALSE),"") | Z15: =IF(C15>0,CEILING(C15*K15*(L15+M15)/J15,1),"") | AA15: =IF(C15>0,CEILING(C15*P15*(14+U15*1000/Q15+R15+1)/O15,1),"") | AB15: =K15 -> 0 | AC15: =IF(C15>0,AC$21-$AB15*FLOOR(AC$21/$AB15,1),"") | AD15: =IF(D15>0,AD$21-$AB15*FLOOR(AD$21/$AB15,1),"") | AE15: =IF(E15>0,AE$21-$AB15*FLOOR(AE$21/$AB15,1),"") | AF15: =IF(F15>0,AF$21-$AB15*FLOOR(AF$21/$AB15,1),"") | AG15: =IF(G15>0,AG$21-$AB15*FLOOR(AG$21/$AB15,1),"") | AH15: =IF(AB15>0,SMALL(AC15:AG15,1),"") | AI15: =IF(AB15>0,HLOOKUP(AH15,AC15:AG29,7,FALSE),"") | AL15: =C15*D15*E15*F15 -> 0 | AM15: =C15*D15*E15*H15*1.3 -> 0 | AN15: =AM15-(AL15*1.15) -> 0 | AO15: =D15*E15*C15 -> 0 | AQ15: =P15 -> 0 | AR15: =IF(C15>0,AR$21-$AQ15*FLOOR(AR$21/$AQ15,1),"") | AS15: =IF(D15>0,AS$21-$AQ15*FLOOR(AS$21/$AQ15,1),"") | AT15: =IF(E15>0,AT$21-$AQ15*FLOOR(AT$21/$AQ15,1),"") | AU15: =IF(F15>0,AU$21-$AQ15*FLOOR(AU$21/$AQ15,1),"") | AV15: =IF(G15>0,AV$21-$AQ15*FLOOR(AV$21/$AQ15,1),"") | AW15: =IF(AQ15>0,SMALL(AR15:AV15,1),"") | AX15: =IF(AQ15>0,HLOOKUP(AW15,AR15:AV29,7,FALSE),"") | AY15: =IF(AQ15>0,SMALL(AR15:AV15,1),"") | AZ15: =IF(AQ15>0,HLOOKUP(AY15,AR15:AV29,7,FALSE),"")
B16: C-6 | J16: =AI16 | K16: =F16+H16 -> 0 | O16: =AX16 | P16: =IF(C16>0,0.05*2+2*(D16+E16)-4*(G16/1000),0) -> 0 | R16: 0 | V16: 28mm Ø | W16: 4.8400254 | X16: =IF(C16>0,Z16*J16*VLOOKUP(I16,V16:W22,2,FALSE),"") | Y16: =IF(C16>0,O16*AA16*VLOOKUP(I16,V16:W22,2,FALSE),"") | Z16: =IF(C16>0,CEILING(C16*K16*(L16+M16)/J16,1),"") | AA16: =IF(C16>0,CEILING(C16*P16*(14+U16*1000/Q16+R16+1)/O16,1),"") | AB16: =K16 -> 0 | AC16: =IF(C16>0,AC$21-$AB16*FLOOR(AC$21/$AB16,1),"") | AD16: =IF(D16>0,AD$21-$AB16*FLOOR(AD$21/$AB16,1),"") | AE16: =IF(E16>0,AE$21-$AB16*FLOOR(AE$21/$AB16,1),"") | AF16: =IF(F16>0,AF$21-$AB16*FLOOR(AF$21/$AB16,1),"") | AG16: =IF(G16>0,AG$21-$AB16*FLOOR(AG$21/$AB16,1),"") | AH16: =IF(AB16>0,SMALL(AC16:AG16,1),"") | AI16: =IF(AB16>0,HLOOKUP(AH16,AC16:AG31,6,FALSE),"") | AL16: =C16*D16*E16*F16 -> 0 | AM16: =C16*D16*E16*H16*1.3 -> 0 | AN16: =AM16-(AL16*1.15) -> 0 | AO16: =D16*E16*C16 -> 0 | AQ16: =P16 -> 0 | AR16: =IF(C16>0,AR$21-$AQ16*FLOOR(AR$21/$AQ16,1),"") | AS16: =IF(D16>0,AS$21-$AQ16*FLOOR(AS$21/$AQ16,1),"") | AT16: =IF(E16>0,AT$21-$AQ16*FLOOR(AT$21/$AQ16,1),"") | AU16: =IF(F16>0,AU$21-$AQ16*FLOOR(AU$21/$AQ16,1),"") | AV16: =IF(G16>0,AV$21-$AQ16*FLOOR(AV$21/$AQ16,1),"") | AW16: =IF(AQ16>0,SMALL(AR16:AV16,1),"") | AX16: =IF(AQ16>0,HLOOKUP(AW16,AR16:AV31,6,FALSE),"") | AY16: =IF(AQ16>0,SMALL(AR16:AV16,1),"") | AZ16: =IF(AQ16>0,HLOOKUP(AY16,AR16:AV31,6,FALSE),"")
B17: C-7 | J17: =AI17 | K17: =F17+H17 -> 0 | O17: =AX17 | P17: =IF(C17>0,0.05*2+2*(D17+E17)-4*(G17/1000),0) -> 0 | R17: 0 | V17: 32mm Ø | W17: 6.3216658 | X17: =IF(C17>0,Z17*J17*VLOOKUP(I17,V17:W23,2,FALSE),"") | Y17: =IF(C17>0,O17*AA17*VLOOKUP(I17,V17:W23,2,FALSE),"") | Z17: =IF(C17>0,CEILING(C17*K17*(L17+M17)/J17,1),"") | AA17: =IF(C17>0,CEILING(C17*P17*(14+U17*1000/Q17+R17+1)/O17,1),"") | AB17: =K17 -> 0 | AC17: =IF(C17>0,AC$21-$AB17*FLOOR(AC$21/$AB17,1),"") | AD17: =IF(D17>0,AD$21-$AB17*FLOOR(AD$21/$AB17,1),"") | AE17: =IF(E17>0,AE$21-$AB17*FLOOR(AE$21/$AB17,1),"") | AF17: =IF(F17>0,AF$21-$AB17*FLOOR(AF$21/$AB17,1),"") | AG17: =IF(G17>0,AG$21-$AB17*FLOOR(AG$21/$AB17,1),"") | AH17: =IF(AB17>0,SMALL(AC17:AG17,1),"") | AI17: =IF(AB17>0,HLOOKUP(AH17,AC17:AG33,5,FALSE),"") | AL17: =C17*D17*E17*F17 -> 0 | AM17: =C17*D17*E17*H17*1.3 -> 0 | AN17: =AM17-(AL17*1.15) -> 0 | AO17: =D17*E17*C17 -> 0 | AQ17: =P17 -> 0 | AR17: =IF(C17>0,AR$21-$AQ17*FLOOR(AR$21/$AQ17,1),"") | AS17: =IF(D17>0,AS$21-$AQ17*FLOOR(AS$21/$AQ17,1),"") | AT17: =IF(E17>0,AT$21-$AQ17*FLOOR(AT$21/$AQ17,1),"") | AU17: =IF(F17>0,AU$21-$AQ17*FLOOR(AU$21/$AQ17,1),"") | AV17: =IF(G17>0,AV$21-$AQ17*FLOOR(AV$21/$AQ17,1),"") | AW17: =IF(AQ17>0,SMALL(AR17:AV17,1),"") | AX17: =IF(AQ17>0,HLOOKUP(AW17,AR17:AV33,5,FALSE),"") | AY17: =IF(AQ17>0,SMALL(AR17:AV17,1),"") | AZ17: =IF(AQ17>0,HLOOKUP(AY17,AR17:AV33,5,FALSE),"")
B18: C-8 | J18: =AI18 | K18: =F18+H18 -> 0 | O18: =AX18 | P18: =IF(C18>0,0.05*2+2*(D18+E18)-4*(G18/1000),0) -> 0 | R18: 0 | X18: =SUM(X11:X17) -> 284.47496 | Y18: =SUM(Y11:Y17) -> 232.32122 | Z18: =IF(C18>0,CEILING(C18*K18*(L18+M18)/J18,1),"") | AA18: =IF(C18>0,CEILING(C18*P18*(14+U18*1000/Q18+R18+1)/O18,1),"") | AB18: =K18 -> 0 | AC18: =IF(C18>0,AC$21-$AB18*FLOOR(AC$21/$AB18,1),"") | AD18: =IF(D18>0,AD$21-$AB18*FLOOR(AD$21/$AB18,1),"") | AE18: =IF(E18>0,AE$21-$AB18*FLOOR(AE$21/$AB18,1),"") | AF18: =IF(F18>0,AF$21-$AB18*FLOOR(AF$21/$AB18,1),"") | AG18: =IF(G18>0,AG$21-$AB18*FLOOR(AG$21/$AB18,1),"") | AH18: =IF(AB18>0,SMALL(AC18:AG18,1),"") | AI18: =IF(AB18>0,HLOOKUP(AH18,AC18:AG35,4,FALSE),"") | AL18: =C18*D18*E18*F18 -> 0 | AM18: =C18*D18*E18*H18*1.3 -> 0 | AN18: =AM18-(AL18*1.15) -> 0 | AO18: =D18*E18*C18 -> 0 | AQ18: =P18 -> 0 | AR18: =IF(C18>0,AR$21-$AQ18*FLOOR(AR$21/$AQ18,1),"") | AS18: =IF(D18>0,AS$21-$AQ18*FLOOR(AS$21/$AQ18,1),"") | AT18: =IF(E18>0,AT$21-$AQ18*FLOOR(AT$21/$AQ18,1),"") | AU18: =IF(F18>0,AU$21-$AQ18*FLOOR(AU$21/$AQ18,1),"") | AV18: =IF(G18>0,AV$21-$AQ18*FLOOR(AV$21/$AQ18,1),"") | AW18: =IF(AQ18>0,SMALL(AR18:AV18,1),"") | AX18: =IF(AQ18>0,HLOOKUP(AW18,AR18:AV35,4,FALSE),"") | AY18: =IF(AQ18>0,SMALL(AR18:AV18,1),"") | AZ18: =IF(AQ18>0,HLOOKUP(AY18,AR18:AV35,4,FALSE),"")
B19: C-9 | J19: =AI19 | K19: =F19+H19 -> 0 | O19: =AX19 | P19: =IF(C19>0,0.05*2+2*(D19+E19)-4*(G19/1000),0) -> 0 | R19: 0 | X19: =X18+Y18 -> 516.79618 | Z19: =IF(C19>0,CEILING(C19*K19*(L19+M19)/J19,1),"") | AA19: =IF(C19>0,CEILING(C19*P19*(14+U19*1000/Q19+R19+1)/O19,1),"") | AB19: =K19 -> 0 | AC19: =IF(C19>0,AC$21-$AB19*FLOOR(AC$21/$AB19,1),"") | AD19: =IF(D19>0,AD$21-$AB19*FLOOR(AD$21/$AB19,1),"") | AE19: =IF(E19>0,AE$21-$AB19*FLOOR(AE$21/$AB19,1),"") | AF19: =IF(F19>0,AF$21-$AB19*FLOOR(AF$21/$AB19,1),"") | AG19: =IF(G19>0,AG$21-$AB19*FLOOR(AG$21/$AB19,1),"") | AH19: =IF(AB19>0,SMALL(AC19:AG19,1),"") | AI19: =IF(AB19>0,HLOOKUP(AH19,AC19:AG37,3,FALSE),"") | AL19: =C19*D19*E19*F19 -> 0 | AM19: =C19*D19*E19*H19*1.3 -> 0 | AN19: =AM19-(AL19*1.15) -> 0 | AO19: =D19*E19*C19 -> 0 | AQ19: =P19 -> 0 | AR19: =IF(C19>0,AR$21-$AQ19*FLOOR(AR$21/$AQ19,1),"") | AS19: =IF(D19>0,AS$21-$AQ19*FLOOR(AS$21/$AQ19,1),"") | AT19: =IF(E19>0,AT$21-$AQ19*FLOOR(AT$21/$AQ19,1),"") | AU19: =IF(F19>0,AU$21-$AQ19*FLOOR(AU$21/$AQ19,1),"") | AV19: =IF(G19>0,AV$21-$AQ19*FLOOR(AV$21/$AQ19,1),"") | AW19: =IF(AQ19>0,SMALL(AR19:AV19,1),"") | AX19: =IF(AQ19>0,HLOOKUP(AW19,AR19:AV37,3,FALSE),"") | AY19: =IF(AQ19>0,SMALL(AR19:AV19,1),"") | AZ19: =IF(AQ19>0,HLOOKUP(AY19,AR19:AV37,3,FALSE),"")
B20: C-10 | J20: =AI20 | K20: =F20+H20 -> 0 | O20: =AX20 | P20: =IF(C20>0,0.05*2+2*(D20+E20)-4*(G20/1000),0) -> 0 | R20: 0 | X20: Tie Wire | Y20: =CEILING(0.013*X19,0.5) -> 7 | Z20: =IF(C20>0,CEILING(C20*K20*(L20+M20)/J20,1),"") | AA20: =IF(C20>0,CEILING(C20*P20*(14+U20*1000/Q20+R20+1)/O20,1),"") | AB20: =K20 -> 0 | AC20: =IF(C20>0,AC$21-$AB20*FLOOR(AC$21/$AB20,1),"") | AD20: =IF(D20>0,AD$21-$AB20*FLOOR(AD$21/$AB20,1),"") | AE20: =IF(E20>0,AE$21-$AB20*FLOOR(AE$21/$AB20,1),"") | AF20: =IF(F20>0,AF$21-$AB20*FLOOR(AF$21/$AB20,1),"") | AG20: =IF(G20>0,AG$21-$AB20*FLOOR(AG$21/$AB20,1),"") | AH20: =IF(AB20>0,SMALL(AC20:AG20,1),"") | AI20: =IF(AB20>0,HLOOKUP(AH20,AC20:AG39,2,FALSE),"") | AL20: =C20*D20*E20*F20 -> 0 | AM20: =C20*D20*E20*H20*1.3 -> 0 | AN20: =AM20-(AL20*1.15) -> 0 | AO20: =D20*E20*C20 -> 0 | AQ20: =P20 -> 0 | AR20: =IF(C20>0,AR$21-$AQ20*FLOOR(AR$21/$AQ20,1),"") | AS20: =IF(D20>0,AS$21-$AQ20*FLOOR(AS$21/$AQ20,1),"") | AT20: =IF(E20>0,AT$21-$AQ20*FLOOR(AT$21/$AQ20,1),"") | AU20: =IF(F20>0,AU$21-$AQ20*FLOOR(AU$21/$AQ20,1),"") | AV20: =IF(G20>0,AV$21-$AQ20*FLOOR(AV$21/$AQ20,1),"") | AW20: =IF(AQ20>0,SMALL(AR20:AV20,1),"") | AX20: =IF(AQ20>0,HLOOKUP(AW20,AR20:AV39,2,FALSE),"") | AY20: =IF(AQ20>0,SMALL(AR20:AV20,1),"") | AZ20: =IF(AQ20>0,HLOOKUP(AY20,AR20:AV39,2,FALSE),"")
AC21: 6 | AD21: =AC21+1.5 -> 7.5 | AE21: =AD21+1.5 -> 9 | AF21: =AE21+1.5 -> 10.5 | AG21: =AF21+1.5 -> 12 | AL21: =SUM(AL11:AL20) -> 0.96 | AM21: =SUM(AM11:AM20) -> 0.468 | AN21: =SUM(AN11:AN20) -> -0.636 | AR21: 6 | AS21: =AR21+1.5 -> 7.5 | AT21: =AS21+1.5 -> 9 | AU21: =AT21+1.5 -> 10.5 | AV21: =AU21+1.5 -> 12
F22: MATERIALS | AL22: =VLOOKUP(G8,AJ11:AK14,2,FALSE) -> 12
AK23: Cement | AL23: =CEILING(AL22*AL21,1) -> 12
F24: COLUMN | G24: ITEM | H24: QUANTITY | I24: UNIT | J24: PRICE | K24: TOTAL COST | AK24: Sand | AL24: =AL21/2 -> 0.48
G25: ='Materials Price List'!A8 -> Cement | H25: =AL23 -> 12 | I25: bags | J25: =IF(H25="","",VLOOKUP(G25,'Materials Price List'!$A$8:$B$46,2,FALSE)) -> 220 | K25: =IF(H25="","",H25*J25) -> 2640 | AK25: Gravel | AL25: =AL21 -> 0.96
G26: ='Materials Price List'!A9 -> Sand | H26: =AL24 -> 0.48 | I26: cu.m | J26: =IF(H26="","",VLOOKUP(G26,'Materials Price List'!$A$8:$B$46,2,FALSE)) -> 875 | K26: =IF(H26="","",H26*J26) -> 420
G27: ='Materials Price List'!A10 -> Gravel | H27: =AL25 -> 0.96 | I27: cu.m | J27: =IF(H27="","",VLOOKUP(G27,'Materials Price List'!$A$8:$B$46,2,FALSE)) -> 1875 | K27: =IF(H27="","",H27*J27) -> 1800
G28: Tie Wire | H28: =Y20 -> 7 | I28: kg | J28: =IF(H28="","",VLOOKUP(G28,'Materials Price List'!$A$8:$B$46,2,FALSE)) -> 95 | K28: =IF(H28="","",H28*J28) -> 665
F29: =IF(C11>0,B11,"") -> C-1 | G29: =IF(C11>0,CONCATENATE(I11," X ",J11,"m"),"") -> 16mm Ø X 6m | H29: =Z11 -> 30 | I29: =IF(H29="","","pcs") -> pcs | J29: =IF(H29="","",VLOOKUP(G29,'Materials Price List'!$A$12:$B$46,2)) -> 419.47183 | K29: =IF(H29="","",H29*J29) -> 12584.155
F30: =F29 -> C-1 | G30: =IF(C11>0,CONCATENATE(N11," X ",O11,"m"),"") -> 10mm Ø X 10.5m | H30: =AA11 -> 14 | I30: =IF(H30="","","pcs") -> pcs | J30: =IF(H30="","",VLOOKUP(G30,'Materials Price List'!$A$12:$B$46,2)) -> 288.16901 | K30: =IF(H30="","",H30*J30) -> 4034.3662
F31: =IF(C12>0,B12,"") | G31: =IF(C12>0,CONCATENATE(I12," X ",J12,"m"),"") | H31: =Z12 | I31: =IF(H31="","","pcs") | J31: =IF(H31="","",VLOOKUP(G31,'Materials Price List'!$A$12:$B$46,2)) | K31: =IF(H31="","",H31*J31)
F32: =F31 | G32: =IF(C12>0,CONCATENATE(N12," X ",O12,"m"),"") | H32: =AA12 | I32: =IF(H32="","","pcs") | J32: =IF(H32="","",VLOOKUP(G32,'Materials Price List'!$A$12:$B$46,2)) | K32: =IF(H32="","",H32*J32)
F33: =IF(C13>0,B13,"") | G33: =IF(C13>0,CONCATENATE(I13," X ",J13,"m"),"") | H33: =Z13 | I33: =IF(H33="","","pcs") | J33: =IF(H33="","",VLOOKUP(G33,'Materials Price List'!$A$12:$B$46,2)) | K33: =IF(H33="","",H33*J33)
F34: =F33 | G34: =IF(C13>0,CONCATENATE(N13," X ",O13,"m"),"") | H34: =AA13 | I34: =IF(H34="","","pcs") | J34: =IF(H34="","",VLOOKUP(G34,'Materials Price List'!$A$12:$B$46,2)) | K34: =IF(H34="","",H34*J34)
F35: =IF(C14>0,B14,"") | G35: =IF(C14>0,CONCATENATE(I14," X ",J14,"m"),"") | H35: =Z14 | I35: =IF(H35="","","pcs") | J35: =IF(H35="","",VLOOKUP(G35,'Materials Price List'!$A$12:$B$46,2)) | K35: =IF(H35="","",H35*J35)
F36: =F35 | G36: =IF(C14>0,CONCATENATE(N14," X ",O14,"m"),"") | H36: =AA14 | I36: =IF(H36="","","pcs") | J36: =IF(H36="","",VLOOKUP(G36,'Materials Price List'!$A$12:$B$46,2)) | K36: =IF(H36="","",H36*J36)
F37: =IF(C15>0,B15,"") | G37: =IF(C15>0,CONCATENATE(I15," X ",J15,"m"),"") | H37: =Z15 | I37: =IF(H37="","","pcs") | J37: =IF(H37="","",VLOOKUP(G37,'Materials Price List'!$A$12:$B$46,2)) | K37: =IF(H37="","",H37*J37)
F38: =F37 | G38: =IF(C15>0,CONCATENATE(N15," X ",O15,"m"),"") | H38: =AA15 | I38: =IF(H38="","","pcs") | J38: =IF(H38="","",VLOOKUP(G38,'Materials Price List'!$A$12:$B$46,2)) | K38: =IF(H38="","",H38*J38)
F39: =IF(C16>0,B16,"") | G39: =IF(C16>0,CONCATENATE(I16," X ",J16,"m"),"") | H39: =Z16 | I39: =IF(H39="","","pcs") | J39: =IF(H39="","",VLOOKUP(G39,'Materials Price List'!$A$12:$B$46,2)) | K39: =IF(H39="","",H39*J39)
F40: =F39 | G40: =IF(C16>0,CONCATENATE(N16," X ",O16,"m"),"") | H40: =AA16 | I40: =IF(H40="","","pcs") | J40: =IF(H40="","",VLOOKUP(G40,'Materials Price List'!$A$12:$B$46,2)) | K40: =IF(H40="","",H40*J40)
F41: =IF(C17>0,B17,"") | G41: =IF(C17>0,CONCATENATE(I17," X ",J17,"m"),"") | H41: =Z17 | I41: =IF(H41="","","pcs") | J41: =IF(H41="","",VLOOKUP(G41,'Materials Price List'!$A$12:$B$46,2)) | K41: =IF(H41="","",H41*J41)
F42: =F41 | G42: =IF(C17>0,CONCATENATE(N17," X ",O17,"m"),"") | H42: =AA17 | I42: =IF(H42="","","pcs") | J42: =IF(H42="","",VLOOKUP(G42,'Materials Price List'!$A$12:$B$46,2)) | K42: =IF(H42="","",H42*J42)
F43: =IF(C18>0,B18,"") | G43: =IF(C18>0,CONCATENATE(I18," X ",J18,"m"),"") | H43: =Z18 | I43: =IF(H43="","","pcs") | J43: =IF(H43="","",VLOOKUP(G43,'Materials Price List'!$A$12:$B$46,2)) | K43: =IF(H43="","",H43*J43)
F44: =F43 | G44: =IF(C18>0,CONCATENATE(N18," X ",O18,"m"),"") | H44: =AA18 | I44: =IF(H44="","","pcs") | J44: =IF(H44="","",VLOOKUP(G44,'Materials Price List'!$A$12:$B$46,2)) | K44: =IF(H44="","",H44*J44)
F45: =IF(C19>0,B19,"") | G45: =IF(C19>0,CONCATENATE(I19," X ",J19,"m"),"") | H45: =Z19 | I45: =IF(H45="","","pcs") | J45: =IF(H45="","",VLOOKUP(G45,'Materials Price List'!$A$12:$B$46,2)) | K45: =IF(H45="","",H45*J45)
F46: =F45 | G46: =IF(C19>0,CONCATENATE(N19," X ",O19,"m"),"") | H46: =AA19 | I46: =IF(H46="","","pcs") | J46: =IF(H46="","",VLOOKUP(G46,'Materials Price List'!$A$12:$B$46,2)) | K46: =IF(H46="","",H46*J46)
F47: =IF(C20>0,B20,"") | G47: =IF(C20>0,CONCATENATE(I20," X ",J20,"m"),"") | H47: =Z20 | I47: =IF(H47="","","pcs") | J47: =IF(H47="","",VLOOKUP(G47,'Materials Price List'!$A$12:$B$46,2)) | K47: =IF(H47="","",H47*J47)
F48: =F47 | G48: =IF(C20>0,CONCATENATE(N20," X ",O20,"m"),"") | H48: =AA20 | I48: =IF(H48="","","pcs") | J48: =IF(H48="","",VLOOKUP(G48,'Materials Price List'!$A$12:$B$46,2)) | K48: =IF(H48="","",H48*J48)
F49: TOTAL MATERIAL COST = | K49: =SUM(K25:K48) -> 22143.521
F50: LABOR COST (% of Materials) = | J50: 0.35 | K50: =J50*K49 -> 7750.2324
F52: ONE-BAGGER MIXER OUTPUT = | J52: 8 | K52: cu.m per day
F53: TOTAL DAYS (rounded up to 1 day) = | J53: =CEILING(SUM(AL11:AL20)/J52,1) -> 1 | K53: day
F54: ONE-BAGGER MIXER RENTAL RATE = | J54: ='Materials Price List'!B47 -> 1200 | K54: per day
F55: ONE-BAGGER MIXER RENTAL COST = | K55: =J54*J53 -> 1200
H57: TOTAL COST = | K57: =K49+K50+K55 -> 31093.754
F59: CONCRETE POURING USING PUMPCRETE
O60: DAYS | P60: CONCRETE STRENGTH (psi)
F61: READY MIX CONCRETE COST PER CU.M = | K61: 4500 | P61: 3000 | Q61: 3500 | S61: 4000 | T61: 4500 | U61: 5000
F62: READY MIX CONCRETE COST = | K62: =K61*AL21 -> 4320 | O62: 28 | P62: 4500 | Q62: 4700 | S62: 5000 | T62: 5100 | U62: 5300
O63: 14 | P63: 4800 | Q63: 5100 | S63: 5300
F64: LABOR COST (4 SKILLED 7 LABOR) = | K64: =(4*650+500*7)*CEILING(AL21/30,1) -> 6100 | O64: 7 | P64: 5100 | Q64: 5400
O65: 3 | P65: 5700 | Q65: 5700
F66: LINE PUMP SET-UP = | K66: 30000
F68: BOOM SET-UP = | K68: 35000
H70: TOTAL COST = | K70: =K62+K64+K66+K68+SUM(K29:K48) -> 92038.521

Sheet Beam
B1: APPROXIMATE BEAM ESTIMATE
B5: BEAM DETAILS
B6: BEAM | C6: Quantity | D6: Concrete | G6: Concrete Mix Class | I6: Reinforcement ( Main Rebar Length = Manual)
G7: AA
D8: B (m) | E8: H(m) | F8: Length (m) | G8: Concrete Cover (mm) | H8: Development Length (m) | I8: MAIN REINFORCEMENT | N8: STIRRUPS | AM8: Concrete Volume | AN8: Excavation | AO8: Backfill | AP8: AREA | BF8: FORMWORKS
I9: Bar Size | J9: Economical Bar Length (m) | K9: Steel Bars Length | L9: At Support | M9: At Midspan | N9: Bar Size | O9: Economical Bar Length (m) | P9: Cutting Length | Q9: MAIN TIES SPACING (mm) | R9: Bottom Bar (pcs) | Y9: Tie Wire | Z9: Tie Wire | AZ9: Bar size | BA9: Bar Length | BB9: Along Length | BC9: Quantity | BD9: Along Width | BE9: Quantity | BF9: AREA | BG9: FOR SHORING JACK | BH9: PLYWOOD | BI9: 2X2X8 | BJ9: 2X3X8 | BK9: CWN 2" | BL9: CWN 3"
B10: FTB-1 | J10: =K10 -> 0 | O10: =AY10 | P10: =IF(C10>0,0.05*2+2*(D10+E10)-4*(G10/1000),0) -> 0 | R10: 0 | T10: =C10*D10*E10*F10*0.02*77100/9.81 -> 0 | U10: =4*0.05+10*0.1 -> 1.2 | V10: =F10-U10 -> -1.2 | W10: 10mm Ø | X10: 0.61735018 | Y10: =IF(C10>0,AA10*J10*VLOOKUP(I10,$W$10:$X$16,2,FALSE),"") | Z10: =IF(C10>0,O10*AB10*VLOOKUP(I10,$W$10:$X$16,2,FALSE),"") | AA10: =IF(C10>0,CEILING(C10*0.85*(F10+2*H10)*(L10+(M10-4))/(J10-0.5),1),"") | AB10: =IF(C10>0,CEILING(C10*P10*(14+V10*1000/Q10+R10+1)/O10,1),"") | AC10: =K10 -> 0 | AD10: =IF(C10>0,AD$20-$AC10*FLOOR(AD$20/$AC10,1),"") | AE10: =IF(D10>0,AE$20-$AC10*FLOOR(AE$20/$AC10,1),"") | AF10: =IF(E10>0,AF$20-$AC10*FLOOR(AF$20/$AC10,1),"") | AG10: =IF(F10>0,AG$20-$AC10*FLOOR(AG$20/$AC10,1),"") | AH10: =IF(G10>0,AH$20-$AC10*FLOOR(AH$20/$AC10,1),"") | AI10: =IF(AC10>0,SMALL(AD10:AH10,1),"") | AJ10: =IF(AC10>0,HLOOKUP(AI10,AD10:AH20,11,FALSE),"") | AK10: AA | AL10: 12 | AM10: =C10*D10*E10*F10 -> 0 | AN10: =C10*D10*E10*H10*1.3 -> 0 | AO10: =AN10-(AM10*1.15) -> 0 | AP10: =D10*E10*C10 -> 0 | AR10: =P10 -> 0 | AS10: =IF(C10>0,AS$20-$AR10*FLOOR(AS$20/$AR10,1),"") | AT10: =IF(D10>0,AT$20-$AR10*FLOOR(AT$20/$AR10,1),"") | AU10: =IF(E10>0,AU$20-$AR10*FLOOR(AU$20/$AR10,1),"") | AV10: =IF(F10>0,AV$20-$AR10*FLOOR(AV$20/$AR10,1),"") | AW10: =IF(G10>0,AW$20-$AR10*FLOOR(AW$20/$AR10,1),"") | AX10: =IF(AR10>0,SMALL(AS10:AW10,1),"") | AY10: =IF(AR10>0,HLOOKUP(AX10,AS10:AW20,11,FALSE),"") | BF10: =C10*(2*(E10)+D10)*F10 -> 0 | BG10: =C10*D10*F10 -> 0 | BH10: =BF10/(1.2*2.4) -> 0 | BI10: =BH10*20.33/(2*2*8/12) -> 0 | BJ10: =BH10*30.5/(2*3*8/12) -> 0 | BK10: =0.02*4*8*BH10 -> 0 | BL10: =0.02*4*8*BH10 -> 0
B11: FTB-2 | J11: =K11 -> 0 | O11: =AY11 | P11: =IF(C11>0,0.05*2+2*(D11+E11)-4*(G11/1000),0) -> 0 | R11: 0 | T11: =VLOOKUP(I10,W10:X16,2,FALSE) -> #N/A | U11: =4*0.05+10*0.1 -> 1.2 | V11: =F11-U11 -> -1.2 | W11: 12mm Ø | X11: 0.88898426 | Y11: =IF(C11>0,AA11*J11*VLOOKUP(I11,$W$10:$X$16,2,FALSE),"") | Z11: =IF(C11>0,O11*AB11*VLOOKUP(I11,$W$10:$X$16,2,FALSE),"") | AA11: =IF(C11>0,CEILING(C11*0.85*(F11+2*H11)*(L11+(M11-4))/(J11-0.5),1),"") | AB11: =IF(C11>0,CEILING(C11*P11*(14+V11*1000/Q11+R11+1)/O11,1),"") | AC11: =K11 -> 0 | AD11: =IF(C11>0,AD$20-$AC11*FLOOR(AD$20/$AC11,1),"") | AE11: =IF(D11>0,AE$20-$AC11*FLOOR(AE$20/$AC11,1),"") | AF11: =IF(E11>0,AF$20-$AC11*FLOOR(AF$20/$AC11,1),"") | AG11: =IF(F11>0,AG$20-$AC11*FLOOR(AG$20/$AC11,1),"") | AH11: =IF(G11>0,AH$20-$AC11*FLOOR(AH$20/$AC11,1),"") | AI11: =IF(AC11>0,SMALL(AD11:AH11,1),"") | AJ11: =IF(AC11>0,HLOOKUP(AI11,AD11:AH21,10,FALSE),"") | AK11: A | AL11: 10 | AM11: =C11*D11*E11*F11 -> 0 | AN11: =C11*D11*E11*H11*1.3 -> 0 | AO11: =AN11-(AM11*1.15) -> 0 | AP11: =D11*E11*C11 -> 0 | AR11: =P11 -> 0 | AS11: =IF(C11>0,AS$20-$AR11*FLOOR(AS$20/$AR11,1),"") | AT11: =IF(D11>0,AT$20-$AR11*FLOOR(AT$20/$AR11,1),"") | AU11: =IF(E11>0,AU$20-$AR11*FLOOR(AU$20/$AR11,1),"") | AV11: =IF(F11>0,AV$20-$AR11*FLOOR(AV$20/$AR11,1),"") | AW11: =IF(G11>0,AW$20-$AR11*FLOOR(AW$20/$AR11,1),"") | AX11: =IF(AR11>0,SMALL(AS11:AW11,1),"") | AY11: =IF(AR11>0,HLOOKUP(AX11,AS11:AW21,10,FALSE),"") | BF11: =C11*2*(D11+E11)*F11 -> 0 | BG11: =C11*D11*F11 -> 0 | BH11: =BF11/(1.2*2.4) -> 0 | BI11: =BH11*20.33/(2*2*8/12) -> 0 | BJ11: =BH11*30.5/(2*3*8/12) -> 0 | BK11: =0.02*4*8*BH11 -> 0 | BL11: =0.02*4*8*BH11 -> 0
B12: B-1 | C12: 1 | D12: 0.3 | E12: 0.9 | F12: 6.5 | G12: 40 | H12: 0.2 | I12: 16mm Ø | J12: =K12 -> 6 | K12: 6 | L12: 4 | M12: 4 | N12: 10mm Ø | O12: =AY12 -> 12 | P12: =IF(C12>0,0.05*2+2*(D12+E12)-4*(G12/1000),0) -> 2.34 | Q12: 200 | R12: 0 | T12: =T10/T11 -> #N/A | U12: =4*0.05+10*0.1 -> 1.2 | V12: =F12-U12 -> 5.3 | W12: 16mm Ø | X12: 1.5804165 | Y12: =IF(C12>0,AA12*J12*VLOOKUP(I12,$W$10:$X$16,2,FALSE),"") -> 47.412494 | Z12: =IF(C12>0,O12*AB12*VLOOKUP(I12,$W$10:$X$16,2,FALSE),"") -> 170.68498 | AA12: =IF(C12>0,CEILING(C12*0.85*(F12+2*H12)*(L12+(M12-4))/(J12-0.5),1),"") -> 5 | AB12: =IF(C12>0,CEILING(C12*P12*(14+V12*1000/Q12+R12+1)/O12,1),"") -> 9 | AC12: =K12 -> 6 | AD12: =IF(C12>0,AD$20-$AC12*FLOOR(AD$20/$AC12,1),"") -> 0 | AE12: =IF(D12>0,AE$20-$AC12*FLOOR(AE$20/$AC12,1),"") -> 1.5 | AF12: =IF(E12>0,AF$20-$AC12*FLOOR(AF$20/$AC12,1),"") -> 3 | AG12: =IF(F12>0,AG$20-$AC12*FLOOR(AG$20/$AC12,1),"") -> 4.5 | AH12: =IF(G12>0,AH$20-$AC12*FLOOR(AH$20/$AC12,1),"") -> 0 | AI12: =IF(AC12>0,SMALL(AD12:AH12,1),"") -> 0 | AJ12: =IF(AC12>0,HLOOKUP(AI12,AD12:AH22,9,FALSE),"") -> 6 | AK12: B | AL12: 8 | AM12: =C12*D12*E12*F12 -> 1.755 | AN12: =C12*D12*E12*H12*1.3 -> 0.0702 | AO12: =AN12-(AM12*1.15) -> -1.94805 | AP12: =D12*E12*C12 -> 0.27 | AR12: =P12 -> 2.34 | AS12: =IF(C12>0,AS$20-$AR12*FLOOR(AS$20/$AR12,1),"") -> 1.32 | AT12: =IF(D12>0,AT$20-$AR12*FLOOR(AT$20/$AR12,1),"") -> 0.48 | AU12: =IF(E12>0,AU$20-$AR12*FLOOR(AU$20/$AR12,1),"") -> 1.98 | AV12: =IF(F12>0,AV$20-$AR12*FLOOR(AV$20/$AR12,1),"") -> 1.14 | AW12: =IF(G12>0,AW$20-$AR12*FLOOR(AW$20/$AR12,1),"") -> 0.3 | AX12: =IF(AR12>0,SMALL(AS12:AW12,1),"") -> 0.3 | AY12: =IF(AR12>0,HLOOKUP(AX12,AS12:AW22,9,FALSE),"") -> 12 | BF12: =C12*2*(D12+E12)*F12 -> 15.6 | BG12: =C12*D12*F12 -> 1.95 | BH12: =BF12/(1.2*2.4) -> 5.4166667 | BI12: =BH12*20.33/(2*2*8/12) -> 41.295313 | BJ12: =BH12*30.5/(2*3*8/12) -> 41.302083 | BK12: =0.02*4*8*BH12 -> 3.4666667 | BL12: =0.02*4*8*BH12 -> 3.4666667
B13: B-2 | J13: =K13 -> 0 | O13: =AY13 | P13: =IF(C13>0,0.05*2+2*(D13+E13)-4*(G13/1000),0) -> 0 | R13: 0 | T13: =T12/(L10+M10) -> #N/A | U13: =4*0.05+10*0.1 -> 1.2 | V13: =F13-U13 -> -1.2 | W13: 20mm Ø | X13: 2.4694007 | Y13: =IF(C13>0,AA13*J13*VLOOKUP(I13,$W$10:$X$16,2,FALSE),"") | Z13: =IF(C13>0,O13*AB13*VLOOKUP(I13,$W$10:$X$16,2,FALSE),"") | AA13: =IF(C13>0,CEILING(C13*0.85*(F13+2*H13)*(L13+(M13-4))/(J13-0.5),1),"") | AB13: =IF(C13>0,CEILING(C13*P13*(14+V13*1000/Q13+R13+1)/O13,1),"") | AC13: =K13 -> 0 | AD13: =IF(C13>0,AD$20-$AC13*FLOOR(AD$20/$AC13,1),"") | AE13: =IF(D13>0,AE$20-$AC13*FLOOR(AE$20/$AC13,1),"") | AF13: =IF(E13>0,AF$20-$AC13*FLOOR(AF$20/$AC13,1),"") | AG13: =IF(F13>0,AG$20-$AC13*FLOOR(AG$20/$AC13,1),"") | AH13: =IF(G13>0,AH$20-$AC13*FLOOR(AH$20/$AC13,1),"") | AI13: =IF(AC13>0,SMALL(AD13:AH13,1),"") | AJ13: =IF(AC13>0,HLOOKUP(AI13,AD13:AH23,8,FALSE),"") | AK13: C | AL13: 6.5 | AM13: =C13*D13*E13*F13 -> 0 | AN13: =C13*D13*E13*H13*1.3 -> 0 | AO13: =AN13-(AM13*1.15) -> 0 | AP13: =D13*E13*C13 -> 0 | AR13: =P13 -> 0 | AS13: =IF(C13>0,AS$20-$AR13*FLOOR(AS$20/$AR13,1),"") | AT13: =IF(D13>0,AT$20-$AR13*FLOOR(AT$20/$AR13,1),"") | AU13: =IF(E13>0,AU$20-$AR13*FLOOR(AU$20/$AR13,1),"") | AV13: =IF(F13>0,AV$20-$AR13*FLOOR(AV$20/$AR13,1),"") | AW13: =IF(G13>0,AW$20-$AR13*FLOOR(AW$20/$AR13,1),"") | AX13: =IF(AR13>0,SMALL(AS13:AW13,1),"") | AY13: =IF(AR13>0,HLOOKUP(AX13,AS13:AW23,8,FALSE),"") | AZ13: =IF(AR13>0,SMALL(AS13:AW13,1),"") | BA13: =IF(AR13>0,HLOOKUP(AZ13,AS13:AW23,8,FALSE),"") | BF13: =C13*2*(D13+E13)*F13 -> 0 | BG13: =C13*D13*F13 -> 0 | BH13: =BF13/(1.2*2.4) -> 0 | BI13: =BH13*20.33/(2*2*8/12) -> 0 | BJ13: =BH13*30.5/(2*3*8/12) -> 0 | BK13: =0.02*4*8*BH13 -> 0 | BL13: =0.02*4*8*BH13 -> 0
B14: B-3 | J14: =K14 -> 0 | O14: =AY14 | P14: =IF(C14>0,0.05*2+2*(D14+E14)-4*(G14/1000),0) -> 0 | R14: 0 | U14: =4*0.05+10*0.1 -> 1.2 | V14: =F14-U14 -> -1.2 | W14: 25mm Ø | X14: 3.8584386 | Y14: =IF(C14>0,AA14*J14*VLOOKUP(I14,$W$10:$X$16,2,FALSE),"") | Z14: =IF(C14>0,O14*AB14*VLOOKUP(I14,$W$10:$X$16,2,FALSE),"") | AA14: =IF(C14>0,CEILING(C14*0.85*(F14+2*H14)*(L14+(M14-4))/(J14-0.5),1),"") | AB14: =IF(C14>0,CEILING(C14*P14*(14+V14*1000/Q14+R14+1)/O14,1),"") | AC14: =K14 -> 0 | AD14: =IF(C14>0,AD$20-$AC14*FLOOR(AD$20/$AC14,1),"") | AE14: =IF(D14>0,AE$20-$AC14*FLOOR(AE$20/$AC14,1),"") | AF14: =IF(E14>0,AF$20-$AC14*FLOOR(AF$20/$AC14,1),"") | AG14: =IF(F14>0,AG$20-$AC14*FLOOR(AG$20/$AC14,1),"") | AH14: =IF(G14>0,AH$20-$AC14*FLOOR(AH$20/$AC14,1),"") | AI14: =IF(AC14>0,SMALL(AD14:AH14,1),"") | AJ14: =IF(AC14>0,HLOOKUP(AI14,AD14:AH33,7,FALSE),"") | AM14: =C14*D14*E14*F14 -> 0 | AN14: =C14*D14*E14*H14*1.3 -> 0 | AO14: =AN14-(AM14*1.15) -> 0 | AP14: =D14*E14*C14 -> 0 | AR14: =P14 -> 0 | AS14: =IF(C14>0,AS$20-$AR14*FLOOR(AS$20/$AR14,1),"") | AT14: =IF(D14>0,AT$20-$AR14*FLOOR(AT$20/$AR14,1),"") | AU14: =IF(E14>0,AU$20-$AR14*FLOOR(AU$20/$AR14,1),"") | AV14: =IF(F14>0,AV$20-$AR14*FLOOR(AV$20/$AR14,1),"") | AW14: =IF(G14>0,AW$20-$AR14*FLOOR(AW$20/$AR14,1),"") | AX14: =IF(AR14>0,SMALL(AS14:AW14,1),"") | AY14: =IF(AR14>0,HLOOKUP(AX14,AS14:AW33,7,FALSE),"") | AZ14: =IF(AR14>0,SMALL(AS14:AW14,1),"") | BA14: =IF(AR14>0,HLOOKUP(AZ14,AS14:AW33,7,FALSE),"") | BF14: =C14*2*(D14+E14)*F14 -> 0 | BG14: =C14*D14*F14 -> 0 | BH14: =BF14/(1.2*2.4) -> 0 | BI14: =BH14*20.33/(2*2*8/12) -> 0 | BJ14: =BH14*30.5/(2*3*8/12) -> 0 | BK14: =0.02*4*8*BH14 -> 0 | BL14: =0.02*4*8*BH14 -> 0
B15: B-4 | J15: =K15 -> 0 | O15: =AY15 | P15: =IF(C15>0,0.05*2+2*(D15+E15)-4*(G15/1000),0) -> 0 | R15: 0 | U15: =4*0.05+10*0.1 -> 1.2 | V15: =F15-U15 -> -1.2 | W15: 28mm Ø | X15: 4.8400254 | Y15: =IF(C15>0,AA15*J15*VLOOKUP(I15,$W$10:$X$16,2,FALSE),"") | Z15: =IF(C15>0,O15*AB15*VLOOKUP(I15,$W$10:$X$16,2,FALSE),"") | AA15: =IF(C15>0,CEILING(C15*0.85*(F15+2*H15)*(L15+(M15-4))/(J15-0.5),1),"") | AB15: =IF(C15>0,CEILING(C15*P15*(14+V15*1000/Q15+R15+1)/O15,1),"") | AC15: =K15 -> 0 | AD15: =IF(C15>0,AD$20-$AC15*FLOOR(AD$20/$AC15,1),"") | AE15: =IF(D15>0,AE$20-$AC15*FLOOR(AE$20/$AC15,1),"") | AF15: =IF(E15>0,AF$20-$AC15*FLOOR(AF$20/$AC15,1),"") | AG15: =IF(F15>0,AG$20-$AC15*FLOOR(AG$20/$AC15,1),"") | AH15: =IF(G15>0,AH$20-$AC15*FLOOR(AH$20/$AC15,1),"") | AI15: =IF(AC15>0,SMALL(AD15:AH15,1),"") | AJ15: =IF(AC15>0,HLOOKUP(AI15,AD15:AH35,6,FALSE),"") | AM15: =C15*D15*E15*F15 -> 0 | AN15: =C15*D15*E15*H15*1.3 -> 0 | AO15: =AN15-(AM15*1.15) -> 0 | AP15: =D15*E15*C15 -> 0 | AR15: =P15 -> 0 | AS15: =IF(C15>0,AS$20-$AR15*FLOOR(AS$20/$AR15,1),"") | AT15: =IF(D15>0,AT$20-$AR15*FLOOR(AT$20/$AR15,1),"") | AU15: =IF(E15>0,AU$20-$AR15*FLOOR(AU$20/$AR15,1),"") | AV15: =IF(F15>0,AV$20-$AR15*FLOOR(AV$20/$AR15,1),"") | AW15: =IF(G15>0,AW$20-$AR15*FLOOR(AW$20/$AR15,1),"") | AX15: =IF(AR15>0,SMALL(AS15:AW15,1),"") | AY15: =IF(AR15>0,HLOOKUP(AX15,AS15:AW35,6,FALSE),"") | AZ15: =IF(AR15>0,SMALL(AS15:AW15,1),"") | BA15: =IF(AR15>0,HLOOKUP(AZ15,AS15:AW35,6,FALSE),"") | BF15: =C15*2*(D15+E15)*F15 -> 0 | BG15: =C15*D15*F15 -> 0 | BH15: =BF15/(1.2*2.4) -> 0 | BI15: =BH15*20.33/(2*2*8/12) -> 0 | BJ15: =BH15*30.5/(2*3*8/12) -> 0 | BK15: =0.02*4*8*BH15 -> 0 | BL15: =0.02*4*8*BH15 -> 0
B16: B-5 | J16: =K16 -> 0 | O16: =AY16 | P16: =IF(C16>0,0.05*2+2*(D16+E16)-4*(G16/1000),0) -> 0 | R16: 0 | U16: =4*0.05+10*0.1 -> 1.2 | V16: =F16-U16 -> -1.2 | W16: 32mm Ø | X16: 6.3216658 | Y16: =IF(C16>0,AA16*J16*VLOOKUP(I16,$W$10:$X$16,2,FALSE),"") | Z16: =IF(C16>0,O16*AB16*VLOOKUP(I16,$W$10:$X$16,2,FALSE),"") | AA16: =IF(C16>0,CEILING(C16*0.85*(F16+2*H16)*(L16+(M16-4))/(J16-0.5),1),"") | AB16: =IF(C16>0,CEILING(C16*P16*(14+V16*1000/Q16+R16+1)/O16,1),"") | AC16: =K16 -> 0 | AD16: =IF(C16>0,AD$20-$AC16*FLOOR(AD$20/$AC16,1),"") | AE16: =IF(D16>0,AE$20-$AC16*FLOOR(AE$20/$AC16,1),"") | AF16: =IF(E16>0,AF$20-$AC16*FLOOR(AF$20/$AC16,1),"") | AG16: =IF(F16>0,AG$20-$AC16*FLOOR(AG$20/$AC16,1),"") | AH16: =IF(G16>0,AH$20-$AC16*FLOOR(AH$20/$AC16,1),"") | AI16: =IF(AC16>0,SMALL(AD16:AH16,1),"") | AJ16: =IF(AC16>0,HLOOKUP(AI16,AD16:AH37,5,FALSE),"") | AM16: =C16*D16*E16*F16 -> 0 | AN16: =C16*D16*E16*H16*1.3 -> 0 | AO16: =AN16-(AM16*1.15) -> 0 | AP16: =D16*E16*C16 -> 0 | AR16: =P16 -> 0 | AS16: =IF(C16>0,AS$20-$AR16*FLOOR(AS$20/$AR16,1),"") | AT16: =IF(D16>0,AT$20-$AR16*FLOOR(AT$20/$AR16,1),"") | AU16: =IF(E16>0,AU$20-$AR16*FLOOR(AU$20/$AR16,1),"") | AV16: =IF(F16>0,AV$20-$AR16*FLOOR(AV$20/$AR16,1),"") | AW16: =IF(G16>0,AW$20-$AR16*FLOOR(AW$20/$AR16,1),"") | AX16: =IF(AR16>0,SMALL(AS16:AW16,1),"") | AY16: =IF(AR16>0,HLOOKUP(AX16,AS16:AW37,5,FALSE),"") | AZ16: =IF(AR16>0,SMALL(AS16:AW16,1),"") | BA16: =IF(AR16>0,HLOOKUP(AZ16,AS16:AW37,5,FALSE),"") | BF16: =C16*2*(D16+E16)*F16 -> 0 | BG16: =C16*D16*F16 -> 0 | BH16: =BF16/(1.2*2.4) -> 0 | BI16: =BH16*20.33/(2*2*8/12) -> 0 | BJ16: =BH16*30.5/(2*3*8/12) -> 0 | BK16: =0.02*4*8*BH16 -> 0 | BL16: =0.02*4*8*BH16 -> 0
B17: RB-1 | J17: =K17 -> 0 | O17: =AY17 | P17: =IF(C17>0,0.05*2+2*(D17+E17)-4*(G17/1000),0) -> 0 | R17: 0 | U17: =4*0.05+10*0.1 -> 1.2 | V17: =F17-U17 -> -1.2 | Y17: =IF(C17>0,AA17*J17*VLOOKUP(I17,$W$10:$X$16,2,FALSE),"") | Z17: =IF(C17>0,O17*AB17*VLOOKUP(I17,$W$10:$X$16,2,FALSE),"") | AA17: =IF(C17>0,CEILING(C17*0.85*(F17+2*H17)*(L17+(M17-4))/(J17-0.5),1),"") | AB17: =IF(C17>0,CEILING(C17*P17*(14+V17*1000/Q17+R17+1)/O17,1),"") | AC17: =K17 -> 0 | AD17: =IF(C17>0,AD$20-$AC17*FLOOR(AD$20/$AC17,1),"") | AE17: =IF(D17>0,AE$20-$AC17*FLOOR(AE$20/$AC17,1),"") | AF17: =IF(E17>0,AF$20-$AC17*FLOOR(AF$20/$AC17,1),"") | AG17: =IF(F17>0,AG$20-$AC17*FLOOR(AG$20/$AC17,1),"") | AH17: =IF(G17>0,AH$20-$AC17*FLOOR(AH$20/$AC17,1),"") | AI17: =IF(AC17>0,SMALL(AD17:AH17,1),"") | AJ17: =IF(AC17>0,HLOOKUP(AI17,AD17:AH39,4,FALSE),"") | AM17: =C17*D17*E17*F17 -> 0 | AN17: =C17*D17*E17*H17*1.3 -> 0 | AO17: =AN17-(AM17*1.15) -> 0 | AP17: =D17*E17*C17 -> 0 | AR17: =P17 -> 0 | AS17: =IF(C17>0,AS$20-$AR17*FLOOR(AS$20/$AR17,1),"") | AT17: =IF(D17>0,AT$20-$AR17*FLOOR(AT$20/$AR17,1),"") | AU17: =IF(E17>0,AU$20-$AR17*FLOOR(AU$20/$AR17,1),"") | AV17: =IF(F17>0,AV$20-$AR17*FLOOR(AV$20/$AR17,1),"") | AW17: =IF(G17>0,AW$20-$AR17*FLOOR(AW$20/$AR17,1),"") | AX17: =IF(AR17>0,SMALL(AS17:AW17,1),"") | AY17: =IF(AR17>0,HLOOKUP(AX17,AS17:AW39,4,FALSE),"") | AZ17: =IF(AR17>0,SMALL(AS17:AW17,1),"") | BA17: =IF(AR17>0,HLOOKUP(AZ17,AS17:AW39,4,FALSE),"") | BF17: =C17*2*(D17+E17)*F17 -> 0 | BG17: =C17*D17*F17 -> 0 | BH17: =BF17/(1.2*2.4) -> 0 | BI17: =BH17*20.33/(2*2*8/12) -> 0 | BJ17: =BH17*30.5/(2*3*8/12) -> 0 | BK17: =0.02*4*8*BH17 -> 0 | BL17: =0.02*4*8*BH17 -> 0
B18: RB-2 | J18: =K18 -> 0 | O18: =AY18 | P18: =IF(C18>0,0.05*2+2*(D18+E18)-4*(G18/1000),0) -> 0 | R18: 0 | U18: =4*0.05+10*0.1 -> 1.2 | V18: =F18-U18 -> -1.2 | Y18: =IF(C18>0,AA18*J18*VLOOKUP(I18,$W$10:$X$16,2,FALSE),"") | Z18: =IF(C18>0,O18*AB18*VLOOKUP(I18,$W$10:$X$16,2,FALSE),"") | AA18: =IF(C18>0,CEILING(C18*0.85*(F18+2*H18)*(L18+(M18-4))/(J18-0.5),1),"") | AB18: =IF(C18>0,CEILING(C18*P18*(14+V18*1000/Q18+R18+1)/O18,1),"") | AC18: =K18 -> 0 | AD18: =IF(C18>0,AD$20-$AC18*FLOOR(AD$20/$AC18,1),"") | AE18: =IF(D18>0,AE$20-$AC18*FLOOR(AE$20/$AC18,1),"") | AF18: =IF(E18>0,AF$20-$AC18*FLOOR(AF$20/$AC18,1),"") | AG18: =IF(F18>0,AG$20-$AC18*FLOOR(AG$20/$AC18,1),"") | AH18: =IF(G18>0,AH$20-$AC18*FLOOR(AH$20/$AC18,1),"") | AI18: =IF(AC18>0,SMALL(AD18:AH18,1),"") | AJ18: =IF(AC18>0,HLOOKUP(AI18,AD18:AH41,3,FALSE),"") | AM18: =C18*D18*E18*F18 -> 0 | AN18: =C18*D18*E18*H18*1.3 -> 0 | AO18: =AN18-(AM18*1.15) -> 0 | AP18: =D18*E18*C18 -> 0 | AR18: =P18 -> 0 | AS18: =IF(C18>0,AS$20-$AR18*FLOOR(AS$20/$AR18,1),"") | AT18: =IF(D18>0,AT$20-$AR18*FLOOR(AT$20/$AR18,1),"") | AU18: =IF(E18>0,AU$20-$AR18*FLOOR(AU$20/$AR18,1),"") | AV18: =IF(F18>0,AV$20-$AR18*FLOOR(AV$20/$AR18,1),"") | AW18: =IF(G18>0,AW$20-$AR18*FLOOR(AW$20/$AR18,1),"") | AX18: =IF(AR18>0,SMALL(AS18:AW18,1),"") | AY18: =IF(AR18>0,HLOOKUP(AX18,AS18:AW41,3,FALSE),"") | AZ18: =IF(AR18>0,SMALL(AS18:AW18,1),"") | BA18: =IF(AR18>0,HLOOKUP(AZ18,AS18:AW41,3,FALSE),"") | BF18: =C18*2*(D18+E18)*F18 -> 0 | BG18: =C18*D18*F18 -> 0 | BH18: =BF18/(1.2*2.4) -> 0 | BI18: =BH18*20.33/(2*2*8/12) -> 0 | BJ18: =BH18*30.5/(2*3*8/12) -> 0 | BK18: =0.02*4*8*BH18 -> 0 | BL18: =0.02*4*8*BH18 -> 0
B19: RB-3 | J19: =K19 -> 0 | O19: =AY19 | P19: =IF(C19>0,0.05*2+2*(D19+E19)-4*(G19/1000),0) -> 0 | R19: 0 | U19: =4*0.05+10*0.1 -> 1.2 | V19: =F19-U19 -> -1.2 | Y19: =IF(C19>0,AA19*J19*VLOOKUP(I19,$W$10:$X$16,2,FALSE),"") | Z19: =IF(C19>0,O19*AB19*VLOOKUP(I19,$W$10:$X$16,2,FALSE),"") | AA19: =IF(C19>0,CEILING(C19*0.85*(F19+2*H19)*(L19+(M19-4))/(J19-0.5),1),"") | AB19: =IF(C19>0,CEILING(C19*P19*(14+V19*1000/Q19+R19+1)/O19,1),"") | AC19: =K19 -> 0 | AD19: =IF(C19>0,AD$20-$AC19*FLOOR(AD$20/$AC19,1),"") | AE19: =IF(D19>0,AE$20-$AC19*FLOOR(AE$20/$AC19,1),"") | AF19: =IF(E19>0,AF$20-$AC19*FLOOR(AF$20/$AC19,1),"") | AG19: =IF(F19>0,AG$20-$AC19*FLOOR(AG$20/$AC19,1),"") | AH19: =IF(G19>0,AH$20-$AC19*FLOOR(AH$20/$AC19,1),"") | AI19: =IF(AC19>0,SMALL(AD19:AH19,1),"") | AJ19: =IF(AC19>0,HLOOKUP(AI19,AD19:AH43,2,FALSE),"") | AM19: =C19*D19*E19*F19 -> 0 | AN19: =C19*D19*E19*H19*1.3 -> 0 | AO19: =AN19-(AM19*1.15) -> 0 | AP19: =D19*E19*C19 -> 0 | AR19: =P19 -> 0 | AS19: =IF(C19>0,AS$20-$AR19*FLOOR(AS$20/$AR19,1),"") | AT19: =IF(D19>0,AT$20-$AR19*FLOOR(AT$20/$AR19,1),"") | AU19: =IF(E19>0,AU$20-$AR19*FLOOR(AU$20/$AR19,1),"") | AV19: =IF(F19>0,AV$20-$AR19*FLOOR(AV$20/$AR19,1),"") | AW19: =IF(G19>0,AW$20-$AR19*FLOOR(AW$20/$AR19,1),"") | AX19: =IF(AR19>0,SMALL(AS19:AW19,1),"") | AY19: =IF(AR19>0,HLOOKUP(AX19,AS19:AW43,2,FALSE),"") | AZ19: =IF(AR19>0,SMALL(AS19:AW19,1),"") | BA19: =IF(AR19>0,HLOOKUP(AZ19,AS19:AW43,2,FALSE),"") | BF19: =C19*2*(D19+E19)*F19 -> 0 | BG19: =C19*D19*F19 -> 0 | BH19: =BF19/(1.2*2.4) -> 0 | BI19: =BH19*20.33/(2*2*8/12) -> 0 | BJ19: =BH19*30.5/(2*3*8/12) -> 0 | BK19: =0.02*4*8*BH19 -> 0 | BL19: =0.02*4*8*BH19 -> 0
Y20: =SUM(Y10:Y16) -> 47.412494 | Z20: =SUM(Z10:Z16) -> 170.68498 | AD20: 6 | AE20: =AD20+1.5 -> 7.5 | AF20: =AE20+1.5 -> 9 | AG20: =AF20+1.5 -> 10.5 | AH20: =AG20+1.5 -> 12 | AM20: =SUM(AM10:AM19) -> 1.755 | AN20: =SUM(AN10:AN19) -> 0.0702 | AO20: =SUM(AO10:AO19) -> -1.94805 | AS20: 6 | AT20: =AS20+1.5 -> 7.5 | AU20: =AT20+1.5 -> 9 | AV20: =AU20+1.5 -> 10.5 | AW20: =AV20+1.5 -> 12 | BG20: =SUM(BG10:BG19) -> 1.95 | BH20: =CEILING(SUM(BH10:BH19),1) -> 6 | BI20: =CEILING(SUM(BI10:BI19),1) -> 42 | BJ20: =CEILING(SUM(BJ10:BJ19),1) -> 42 | BK20: =CEILING(SUM(BK10:BK19),1) -> 4 | BL20: =CEILING(SUM(BL10:BL19),1) -> 4
F21: MATERIALS | Y21: =Y20+Z20 -> 218.09747 | AM21: =VLOOKUP(G7,AK10:AL13,2,FALSE) -> 12
Y22: Tie Wire | Z22: =CEILING(0.013*Y21,0.5) -> 3 | AL22: Cement | AM22: =CEILING(AM21*AM20,1) -> 22
F23: COLUMN | G23: ITEM | H23: QUANTITY | I23: UNIT | J23: PRICE | K23: TOTAL COST | W23: 6 | AL23: Sand | AM23: =AM20/2 -> 0.8775
G24: ='Materials Price List'!A8 -> Cement | H24: =AM22 -> 22 | I24: bags | J24: =IF(H24="","",VLOOKUP(G24,'Materials Price List'!$A$8:$B$46,2,FALSE)) -> 220 | K24: =IF(H24="","",H24*J24) -> 4840 | W24: 7.5 | AL24: Gravel | AM24: =AM20 -> 1.755
G25: ='Materials Price List'!A9 -> Sand | H25: =AM23 -> 0.8775 | I25: cu.m | J25: =IF(H25="","",VLOOKUP(G25,'Materials Price List'!$A$8:$B$46,2,FALSE)) -> 875 | K25: =IF(H25="","",H25*J25) -> 767.8125 | W25: 9
G26: ='Materials Price List'!A10 -> Gravel | H26: =AM24 -> 1.755 | I26: cu.m | J26: =IF(H26="","",VLOOKUP(G26,'Materials Price List'!$A$8:$B$46,2,FALSE)) -> 1875 | K26: =IF(H26="","",H26*J26) -> 3290.625 | W26: 10.5
G27: Tie Wire | H27: =Z22 -> 3 | I27: kg | J27: =IF(H27="","",VLOOKUP(G27,'Materials Price List'!$A$8:$B$46,2,FALSE)) -> 95 | K27: =IF(H27="","",H27*J27) -> 285 | W27: 12
G28: ='Materials Price List'!A51 -> 2x3x8 Good Lumber | H28: =BJ20 -> 42 | I28: pcs | J28: =IF(H28="","",VLOOKUP(G28,'Materials Price List'!$A$8:$B$100,2,FALSE)) -> 275 | K28: =IF(H28="","",H28*J28) -> 11550
G29: ='Materials Price List'!A52 -> 2x2x8 Good Lumber | H29: =BI20 -> 42 | I29: pcs | J29: =IF(H29="","",VLOOKUP(G29,'Materials Price List'!$A$8:$B$100,2,FALSE)) -> 210 | K29: =IF(H29="","",H29*J29) -> 8820
G30: ='Materials Price List'!A54 -> 3/4" Phenolic Board | H30: =BH20 -> 6 | I30: pcs | J30: =IF(H30="","",VLOOKUP(G30,'Materials Price List'!$A$8:$B$100,2,FALSE)) -> 1200 | K30: =IF(H30="","",H30*J30) -> 7200
G31: ='Materials Price List'!A55 -> Common Nail 2" | H31: =BK20 -> 4 | I31: kg | J31: =IF(H31="","",VLOOKUP(G31,'Materials Price List'!$A$8:$B$100,2,FALSE)) -> 90 | K31: =IF(H31="","",H31*J31) -> 360
G32: ='Materials Price List'!A56 -> Common Nail 3" | H32: =BL20 -> 4 | I32: kg | J32: =IF(H32="","",VLOOKUP(G32,'Materials Price List'!$A$8:$B$100,2,FALSE)) -> 90 | K32: =IF(H32="","",H32*J32) -> 360
F33: =IF(C10>0,B10,"") | G33: =IF(C10>0,CONCATENATE(I10," X ",J10,"m"),"") | H33: =AA10 | I33: =IF(H33="","","pcs") | J33: =IF(H33="","",VLOOKUP(G33,'Materials Price List'!$A$8:$B$46,2)) | K33: =IF(H33="","",H33*J33)
F34: =F33 | G34: =IF(C10>0,CONCATENATE(N10," X ",O10,"m"),"") | H34: =AB10 | I34: =IF(H34="","","pcs") | J34: =IF(H34="","",VLOOKUP(G34,'Materials Price List'!$A$12:$B$46,2)) | K34: =IF(H34="","",H34*J34)
F35: =IF(C11>0,B11,"") | G35: =IF(C11>0,CONCATENATE(I11," X ",J11,"m"),"") | H35: =AA11 | I35: =IF(H35="","","pcs") | J35: =IF(H35="","",VLOOKUP(G35,'Materials Price List'!$A$12:$B$46,2)) | K35: =IF(H35="","",H35*J35)
F36: =F35 | G36: =IF(C11>0,CONCATENATE(N11," X ",O11,"m"),"") | H36: =AB11 | I36: =IF(H36="","","pcs") | J36: =IF(H36="","",VLOOKUP(G36,'Materials Price List'!$A$12:$B$46,2)) | K36: =IF(H36="","",H36*J36)
F37: =IF(C12>0,B12,"") -> B-1 | G37: =IF(C12>0,CONCATENATE(I12," X ",J12,"m"),"") -> 16mm Ø X 6m | H37: =AA12 -> 5 | I37: =IF(H37="","","pcs") -> pcs | J37: =IF(H37="","",VLOOKUP(G37,'Materials Price List'!$A$12:$B$46,2)) -> 419.47183 | K37: =IF(H37="","",H37*J37) -> 2097.3592
F38: =F37 -> B-1 | G38: =IF(C12>0,CONCATENATE(N12," X ",O12,"m"),"") -> 10mm Ø X 12m | H38: =AB12 -> 9 | I38: =IF(H38="","","pcs") -> pcs | J38: =IF(H38="","",VLOOKUP(G38,'Materials Price List'!$A$12:$B$46,2)) -> 328.83803 | K38: =IF(H38="","",H38*J38) -> 2959.5423
F39: =IF(C13>0,B13,"") | G39: =IF(C13>0,CONCATENATE(I13," X ",J13,"m"),"") | H39: =AA13 | I39: =IF(H39="","","pcs") | J39: =IF(H39="","",VLOOKUP(G39,'Materials Price List'!$A$12:$B$46,2)) | K39: =IF(H39="","",H39*J39)
F40: =F39 | G40: =IF(C13>0,CONCATENATE(N13," X ",O13,"m"),"") | H40: =AB13 | I40: =IF(H40="","","pcs") | J40: =IF(H40="","",VLOOKUP(G40,'Materials Price List'!$A$12:$B$46,2)) | K40: =IF(H40="","",H40*J40)
F41: =IF(C14>0,B14,"") | G41: =IF(C14>0,CONCATENATE(I14," X ",J14,"m"),"") | H41: =AA14 | I41: =IF(H41="","","pcs") | J41: =IF(H41="","",VLOOKUP(G41,'Materials Price List'!$A$12:$B$46,2)) | K41: =IF(H41="","",H41*J41)
F42: =F41 | G42: =IF(C14>0,CONCATENATE(N14," X ",O14,"m"),"") | H42: =AB14 | I42: =IF(H42="","","pcs") | J42: =IF(H42="","",VLOOKUP(G42,'Materials Price List'!$A$12:$B$46,2)) | K42: =IF(H42="","",H42*J42)
F43: =IF(C15>0,B15,"") | G43: =IF(C15>0,CONCATENATE(I15," X ",J15,"m"),"") | H43: =AA15 | I43: =IF(H43="","","pcs") | J43: =IF(H43="","",VLOOKUP(G43,'Materials Price List'!$A$12:$B$46,2)) | K43: =IF(H43="","",H43*J43)
F44: =F43 | G44: =IF(C15>0,CONCATENATE(N15," X ",O15,"m"),"") | H44: =AB15 | I44: =IF(H44="","","pcs") | J44: =IF(H44="","",VLOOKUP(G44,'Materials Price List'!$A$12:$B$46,2)) | K44: =IF(H44="","",H44*J44)
F45: =IF(C16>0,B16,"") | G45: =IF(C16>0,CONCATENATE(I16," X ",J16,"m"),"") | H45: =AA16 | I45: =IF(H45="","","pcs") | J45: =IF(H45="","",VLOOKUP(G45,'Materials Price List'!$A$12:$B$46,2)) | K45: =IF(H45="","",H45*J45)
F46: =F45 | G46: =IF(C16>0,CONCATENATE(N16," X ",O16,"m"),"") | H46: =AB16 | I46: =IF(H46="","","pcs") | J46: =IF(H46="","",VLOOKUP(G46,'Materials Price List'!$A$12:$B$46,2)) | K46: =IF(H46="","",H46*J46)
F47: =IF(C17>0,B17,"") | G47: =IF(C17>0,CONCATENATE(I17," X ",J17,"m"),"") | H47: =AA17 | I47: =IF(H47="","","pcs") | J47: =IF(H47="","",VLOOKUP(G47,'Materials Price List'!$A$12:$B$46,2)) | K47: =IF(H47="","",H47*J47)
F48: =F47 | G48: =IF(C17>0,CONCATENATE(N17," X ",O17,"m"),"") | H48: =AB17 | I48: =IF(H48="","","pcs") | J48: =IF(H48="","",VLOOKUP(G48,'Materials Price List'!$A$12:$B$46,2)) | K48: =IF(H48="","",H48*J48)
F49: =IF(C18>0,B18,"") | G49: =IF(C18>0,CONCATENATE(I18," X ",J18,"m"),"") | H49: =AA18 | I49: =IF(H49="","","pcs") | J49: =IF(H49="","",VLOOKUP(G49,'Materials Price List'!$A$12:$B$46,2)) | K49: =IF(H49="","",H49*J49)
F50: =F49 | G50: =IF(C18>0,CONCATENATE(N18," X ",O18,"m"),"") | H50: =AB18 | I50: =IF(H50="","","pcs") | J50: =IF(H50="","",VLOOKUP(G50,'Materials Price List'!$A$12:$B$46,2)) | K50: =IF(H50="","",H50*J50)
F51: =IF(C19>0,B19,"") | G51: =IF(C19>0,CONCATENATE(I19," X ",J19,"m"),"") | H51: =AA19 | I51: =IF(H51="","","pcs") | J51: =IF(H51="","",VLOOKUP(G51,'Materials Price List'!$A$12:$B$46,2)) | K51: =IF(H51="","",H51*J51)
F52: =F51 | G52: =IF(C19>0,CONCATENATE(N19," X ",O19,"m"),"") | H52: =AB19 | I52: =IF(H52="","","pcs") | J52: =IF(H52="","",VLOOKUP(G52,'Materials Price List'!$A$12:$B$46,2)) | K52: =IF(H52="","",H52*J52)
F53: TOTAL MATERIAL COST = | K53: =SUM(K24:K52) -> 42530.339
F54: LABOR COST (% of Materials) = | J54: 0.35 | K54: =J54*K53 -> 14885.619
F56: SHORING JACK
F57: Area = | H57: =BG20 -> 1.95 | I57: sq.m | J57: 300 | K57: per pc. Rental rate
G58: Required Qty. = | H58: =CEILING(H57*90/(9*6),1) -> 4 | I58: pcs
F60: SHORING JACK RENTAL (28 DAYS) = | K60: =J57*H58 -> 1200
F62: ONE-BAGGER MIXER OUTPUT = | J62: 8 | K62: cu.m per day
F63: TOTAL DAYS (rounded up to 1 day) = | J63: =CEILING(SUM(AM10:AM19)/J62,1) -> 1 | K63: day
F64: ONE-BAGGER MIXER RENTAL RATE = | J64: ='Materials Price List'!B47 -> 1200 | K64: per day
F65: ONE-BAGGER MIXER RENTAL COST = | K65: =J64*J63 -> 1200
H67: TOTAL COST = | K67: =K53+K54+K65+K60 -> 59815.958

Sheet Slab
B1: SLAB ESTIMATE
B6: SLAB DETAILS
B7: SLAB | C7: Quantity | D7: Concrete | G7: Concrete Mix Class | I7: Reinforcement (Rebar Length = Automatic)
G8: AA
D9: Length (m) | E9: Width (m) | F9: Thickness (m) | G9: Concrete Cover (mm) | H9: Ground or Suspended | I9: Along Length | N9: Along Width | AL9: Concrete Volume | AM9: Excavation | AN9: Backfill | AO9: AREA | BE9: FORMWORKS
I10: Bar Size | J10: Economical Bar Length (m) | K10: Cutting Length | L10: Top Bar (spacing) (mm) | M10: Bottom Bar (spacing) (mm) | N10: Bar Size | O10: Economical Bar Length (m) | P10: Cutting Length | Q10: Top Bar (spacing) (mm) | R10: Bottom Bar (spacing) (mm) | T10: =3/0.25 -> 12 | X10: Tie Wire | Y10: Tie Wire | AY10: Bar size | AZ10: Bar Length | BA10: Along Length | BB10: Quantity | BC10: Along Width | BD10: Quantity | BE10: AREA | BF10: PLYWOOD | BG10: 2X2X12 | BH10: CWN 3" | BI10: CWN 2"
B11: S-1 | C11: 2 | D11: 3.33 | E11: 2.49 | F11: 0.125 | G11: 20 | H11: Suspended | I11: 10mm Ø | J11: =AI11 -> 10.5 | K11: =D11-0.002*G11+2*F11/2 -> 3.415 | L11: 200 | M11: 200 | N11: 10mm Ø | O11: =AX11 -> 10.5 | P11: =E11-0.002*G11+2*F11/2 -> 2.575 | Q11: 200 | R11: 200 | T11: =T10*2 -> 24 | V11: 10mm Ø | W11: 0.61735018 | X11: =IF(C11>0,Z11*J11*VLOOKUP(I11,$V$11:$W$17,2,FALSE),"") -> 142.60789 | Y11: =IF(C11>0,O11*AA11*VLOOKUP(I11,$V$11:$W$17,2,FALSE),"") -> 84.268299 | Z11: =IF(C11>0,CEILING(C11*K11*(IF(L11>0,D11*1000/L11,0)+IF(M11>0,D11*1000/M11,0))/J11,1),"") -> 22 | AA11: =IF(C11>0,CEILING(C11*P11*(IF(Q11>0,E11*1000/Q11,0)+IF(R11>0,E11*1000/R11,0))/O11,1),"") -> 13 | AB11: =K11 -> 3.415 | AC11: =IF(C11>0,AC$21-$AB11*FLOOR(AC$21/$AB11,1),"") -> 2.585 | AD11: =IF(D11>0,AD$21-$AB11*FLOOR(AD$21/$AB11,1),"") -> 0.67 | AE11: =IF(E11>0,AE$21-$AB11*FLOOR(AE$21/$AB11,1),"") -> 2.17 | AF11: =IF(F11>0,AF$21-$AB11*FLOOR(AF$21/$AB11,1),"") -> 0.255 | AG11: =IF(G11>0,AG$21-$AB11*FLOOR(AG$21/$AB11,1),"") -> 1.755 | AH11: =IF(AB11>0,SMALL(AC11:AG11,1),"") -> 0.255 | AI11: =IF(AB11>0,HLOOKUP(AH11,AC11:AG21,11,FALSE),"") -> 10.5 | AJ11: AA | AK11: 12 | AL11: =C11*D11*E11*F11 -> 2.072925 | AM11: =C11*D11*E11*H11*1.05 -> #VALUE! | AN11: =AM11-(AL11*1.05) -> #VALUE! | AO11: =D11*E11*C11 -> 16.5834 | AQ11: =P11 -> 2.575 | AR11: =IF(C11>0,AR$21-$AQ11*FLOOR(AR$21/$AQ11,1),"") -> 0.85 | AS11: =IF(D11>0,AS$21-$AQ11*FLOOR(AS$21/$AQ11,1),"") -> 2.35 | AT11: =IF(E11>0,AT$21-$AQ11*FLOOR(AT$21/$AQ11,1),"") -> 1.275 | AU11: =IF(F11>0,AU$21-$AQ11*FLOOR(AU$21/$AQ11,1),"") -> 0.2 | AV11: =IF(G11>0,AV$21-$AQ11*FLOOR(AV$21/$AQ11,1),"") -> 1.7 | AW11: =IF(AQ11>0,SMALL(AR11:AV11,1),"") -> 0.2 | AX11: =IF(AQ11>0,HLOOKUP(AW11,AR11:AV21,11,FALSE),"") -> 10.5 | BE11: =D11*E11*C11 -> 16.5834 | BF11: =BE11/2.88 -> 5.758125 | BG11: =(43/28)*BE11 -> 25.467364 | BH11: =3/28*BE11 -> 1.7767929 | BI11: =1/28*BE11 -> 0.59226429
B12: S-2 | C12: 2 | D12: 3.33 | E12: 2.49 | F12: 0.125 | G12: 20 | H12: Suspended | I12: 10mm Ø | J12: =AI12 -> 10.5 | K12: =D12-0.002*G12+2*F12/2 -> 3.415 | L12: 200 | M12: 200 | N12: 10mm Ø | O12: =AX12 -> 10.5 | P12: =E12-0.002*G12+2*F12/2 -> 2.575 | Q12: 200 | R12: 200 | T12: =T11*3.15 -> 75.6 | V12: 12mm Ø | W12: 0.88898426 | X12: =IF(C12>0,Z12*J12*VLOOKUP(I12,$V$11:$W$17,2,FALSE),"") -> 142.60789 | Y12: =IF(C12>0,O12*AA12*VLOOKUP(I12,$V$11:$W$17,2,FALSE),"") -> 84.268299 | Z12: =IF(C12>0,CEILING(C12*K12*(IF(L12>0,D12*1000/L12,0)+IF(M12>0,D12*1000/M12,0))/J12,1),"") -> 22 | AA12: =IF(C12>0,CEILING(C12*P12*(IF(Q12>0,E12*1000/Q12,0)+IF(R12>0,E12*1000/R12,0))/O12,1),"") -> 13 | AB12: =K12 -> 3.415 | AC12: =IF(C12>0,AC$21-$AB12*FLOOR(AC$21/$AB12,1),"") -> 2.585 | AD12: =IF(D12>0,AD$21-$AB12*FLOOR(AD$21/$AB12,1),"") -> 0.67 | AE12: =IF(E12>0,AE$21-$AB12*FLOOR(AE$21/$AB12,1),"") -> 2.17 | AF12: =IF(F12>0,AF$21-$AB12*FLOOR(AF$21/$AB12,1),"") -> 0.255 | AG12: =IF(G12>0,AG$21-$AB12*FLOOR(AG$21/$AB12,1),"") -> 1.755 | AH12: =IF(AB12>0,SMALL(AC12:AG12,1),"") -> 0.255 | AI12: =IF(AB12>0,HLOOKUP(AH12,AC12:AG22,10,FALSE),"") -> 10.5 | AJ12: A | AK12: 10 | AL12: =C12*D12*E12*F12 -> 2.072925 | AM12: =C12*D12*E12*H12*1.05 -> #VALUE! | AN12: =AM12-(AL12*1.15) -> #VALUE! | AO12: =D12*E12*C12 -> 16.5834 | AQ12: =P12 -> 2.575 | AR12: =IF(C12>0,AR$21-$AQ12*FLOOR(AR$21/$AQ12,1),"") -> 0.85 | AS12: =IF(D12>0,AS$21-$AQ12*FLOOR(AS$21/$AQ12,1),"") -> 2.35 | AT12: =IF(E12>0,AT$21-$AQ12*FLOOR(AT$21/$AQ12,1),"") -> 1.275 | AU12: =IF(F12>0,AU$21-$AQ12*FLOOR(AU$21/$AQ12,1),"") -> 0.2 | AV12: =IF(G12>0,AV$21-$AQ12*FLOOR(AV$21/$AQ12,1),"") -> 1.7 | AW12: =IF(AQ12>0,SMALL(AR12:AV12,1),"") -> 0.2 | AX12: =IF(AQ12>0,HLOOKUP(AW12,AR12:AV22,10,FALSE),"") -> 10.5 | BE12: =D12*E12*C12 -> 16.5834 | BF12: =BE12/2.88 -> 5.758125 | BG12: =(43/28)*BE12 -> 25.467364 | BH12: =3/28*BE12 -> 1.7767929 | BI12: =1/28*BE12 -> 0.59226429
B13: S-3 | J13: =AI13 | K13: =D13-0.002*G13+2*F13/2 -> 0 | O13: =AX13 | P13: =E13-0.002*G13+2*F13/2 -> 0 | T13: =T12/10.5 -> 7.2 | V13: 16mm Ø | W13: 1.5804165 | X13: =IF(C13>0,Z13*J13*VLOOKUP(I13,$V$11:$W$17,2,FALSE),"") | Y13: =IF(C13>0,O13*AA13*VLOOKUP(I13,$V$11:$W$17,2,FALSE),"") | Z13: =IF(C13>0,CEILING(C13*K13*(IF(L13>0,D13*1000/L13,0)+IF(M13>0,D13*1000/M13,0))/J13,1),"") | AA13: =IF(C13>0,CEILING(C13*P13*(IF(Q13>0,E13*1000/Q13,0)+IF(R13>0,E13*1000/R13,0))/O13,1),"") | AB13: =K13 -> 0 | AC13: =IF(C13>0,AC$21-$AB13*FLOOR(AC$21/$AB13,1),"") | AD13: =IF(D13>0,AD$21-$AB13*FLOOR(AD$21/$AB13,1),"") | AE13: =IF(E13>0,AE$21-$AB13*FLOOR(AE$21/$AB13,1),"") | AF13: =IF(F13>0,AF$21-$AB13*FLOOR(AF$21/$AB13,1),"") | AG13: =IF(G13>0,AG$21-$AB13*FLOOR(AG$21/$AB13,1),"") | AH13: =IF(AB13>0,SMALL(AC13:AG13,1),"") | AI13: =IF(AB13>0,HLOOKUP(AH13,AC13:AG23,9,FALSE),"") | AJ13: B | AK13: 8 | AL13: =C13*D13*E13*F13 -> 0 | AM13: =C13*D13*E13*H13*1.05 -> 0 | AN13: =AM13-(AL13*1.15) -> 0 | AO13: =D13*E13*C13 -> 0 | AQ13: =P13 -> 0 | AR13: =IF(C13>0,AR$21-$AQ13*FLOOR(AR$21/$AQ13,1),"") | AS13: =IF(D13>0,AS$21-$AQ13*FLOOR(AS$21/$AQ13,1),"") | AT13: =IF(E13>0,AT$21-$AQ13*FLOOR(AT$21/$AQ13,1),"") | AU13: =IF(F13>0,AU$21-$AQ13*FLOOR(AU$21/$AQ13,1),"") | AV13: =IF(G13>0,AV$21-$AQ13*FLOOR(AV$21/$AQ13,1),"") | AW13: =IF(AQ13>0,SMALL(AR13:AV13,1),"") | AX13: =IF(AQ13>0,HLOOKUP(AW13,AR13:AV23,9,FALSE),"") | BE13: =D13*E13*C13 -> 0 | BF13: =BE13/2.88 -> 0 | BG13: =(43/28)*BE13 -> 0 | BH13: =3/28*BE13 -> 0 | BI13: =1/28*BE13 -> 0
B14: S-4 | J14: =AI14 | K14: =D14-0.002*G14+2*F14/2 -> 0 | O14: =AX14 | P14: =E14-0.002*G14+2*F14/2 -> 0 | V14: 20mm Ø | W14: 2.4694007 | X14: =IF(C14>0,Z14*J14*VLOOKUP(I14,$V$11:$W$17,2,FALSE),"") | Y14: =IF(C14>0,O14*AA14*VLOOKUP(I14,$V$11:$W$17,2,FALSE),"") | Z14: =IF(C14>0,CEILING(C14*K14*(IF(L14>0,D14*1000/L14,0)+IF(M14>0,D14*1000/M14,0))/J14,1),"") | AA14: =IF(C14>0,CEILING(C14*P14*(IF(Q14>0,E14*1000/Q14,0)+IF(R14>0,E14*1000/R14,0))/O14,1),"") | AB14: =K14 -> 0 | AC14: =IF(C14>0,AC$21-$AB14*FLOOR(AC$21/$AB14,1),"") | AD14: =IF(D14>0,AD$21-$AB14*FLOOR(AD$21/$AB14,1),"") | AE14: =IF(E14>0,AE$21-$AB14*FLOOR(AE$21/$AB14,1),"") | AF14: =IF(F14>0,AF$21-$AB14*FLOOR(AF$21/$AB14,1),"") | AG14: =IF(G14>0,AG$21-$AB14*FLOOR(AG$21/$AB14,1),"") | AH14: =IF(AB14>0,SMALL(AC14:AG14,1),"") | AI14: =IF(AB14>0,HLOOKUP(AH14,AC14:AG24,8,FALSE),"") | AJ14: C | AK14: 6.5 | AL14: =C14*D14*E14*F14 -> 0 | AM14: =C14*D14*E14*H14*1.05 -> 0 | AN14: =AM14-(AL14*1.15) -> 0 | AO14: =D14*E14*C14 -> 0 | AQ14: =P14 -> 0 | AR14: =IF(C14>0,AR$21-$AQ14*FLOOR(AR$21/$AQ14,1),"") | AS14: =IF(D14>0,AS$21-$AQ14*FLOOR(AS$21/$AQ14,1),"") | AT14: =IF(E14>0,AT$21-$AQ14*FLOOR(AT$21/$AQ14,1),"") | AU14: =IF(F14>0,AU$21-$AQ14*FLOOR(AU$21/$AQ14,1),"") | AV14: =IF(G14>0,AV$21-$AQ14*FLOOR(AV$21/$AQ14,1),"") | AW14: =IF(AQ14>0,SMALL(AR14:AV14,1),"") | AX14: =IF(AQ14>0,HLOOKUP(AW14,AR14:AV24,8,FALSE),"") | AY14: =IF(AQ14>0,SMALL(AR14:AV14,1),"") | AZ14: =IF(AQ14>0,HLOOKUP(AY14,AR14:AV24,8,FALSE),"") | BE14: =D14*E14*C14 -> 0 | BF14: =BE14/2.88 -> 0 | BG14: =(43/28)*BE14 -> 0 | BH14: =3/28*BE14 -> 0 | BI14: =1/28*BE14 -> 0
B15: S-5 | J15: =AI15 | K15: =D15-0.002*G15+2*F15/2 -> 0 | O15: =AX15 | P15: =E15-0.002*G15+2*F15/2 -> 0 | V15: 25mm Ø | W15: 3.8584386 | X15: =IF(C15>0,Z15*J15*VLOOKUP(I15,$V$11:$W$17,2,FALSE),"") | Y15: =IF(C15>0,O15*AA15*VLOOKUP(I15,$V$11:$W$17,2,FALSE),"") | Z15: =IF(C15>0,CEILING(C15*K15*(IF(L15>0,D15*1000/L15,0)+IF(M15>0,D15*1000/M15,0))/J15,1),"") | AA15: =IF(C15>0,CEILING(C15*P15*(IF(Q15>0,E15*1000/Q15,0)+IF(R15>0,E15*1000/R15,0))/O15,1),"") | AB15: =K15 -> 0 | AC15: =IF(C15>0,AC$21-$AB15*FLOOR(AC$21/$AB15,1),"") | AD15: =IF(D15>0,AD$21-$AB15*FLOOR(AD$21/$AB15,1),"") | AE15: =IF(E15>0,AE$21-$AB15*FLOOR(AE$21/$AB15,1),"") | AF15: =IF(F15>0,AF$21-$AB15*FLOOR(AF$21/$AB15,1),"") | AG15: =IF(G15>0,AG$21-$AB15*FLOOR(AG$21/$AB15,1),"") | AH15: =IF(AB15>0,SMALL(AC15:AG15,1),"") | AI15: =IF(AB15>0,HLOOKUP(AH15,AC15:AG33,7,FALSE),"") | AL15: =C15*D15*E15*F15 -> 0 | AM15: =C15*D15*E15*H15*1.05 -> 0 | AN15: =AM15-(AL15*1.15) -> 0 | AO15: =D15*E15*C15 -> 0 | AQ15: =P15 -> 0 | AR15: =IF(C15>0,AR$21-$AQ15*FLOOR(AR$21/$AQ15,1),"") | AS15: =IF(D15>0,AS$21-$AQ15*FLOOR(AS$21/$AQ15,1),"") | AT15: =IF(E15>0,AT$21-$AQ15*FLOOR(AT$21/$AQ15,1),"") | AU15: =IF(F15>0,AU$21-$AQ15*FLOOR(AU$21/$AQ15,1),"") | AV15: =IF(G15>0,AV$21-$AQ15*FLOOR(AV$21/$AQ15,1),"") | AW15: =IF(AQ15>0,SMALL(AR15:AV15,1),"") | AX15: =IF(AQ15>0,HLOOKUP(AW15,AR15:AV33,7,FALSE),"") | AY15: =IF(AQ15>0,SMALL(AR15:AV15,1),"") | AZ15: =IF(AQ15>0,HLOOKUP(AY15,AR15:AV33,7,FALSE),"") | BE15: =D15*E15*C15 -> 0 | BF15: =BE15/2.88 -> 0 | BG15: =(43/28)*BE15 -> 0 | BH15: =3/28*BE15 -> 0 | BI15: =1/28*BE15 -> 0
B16: S-6 | J16: =AI16 | K16: =D16-0.002*G16+2*F16/2 -> 0 | O16: =AX16 | P16: =E16-0.002*G16+2*F16/2 -> 0 | V16: 28mm Ø | W16: 4.8400254 | X16: =IF(C16>0,Z16*J16*VLOOKUP(I16,$V$11:$W$17,2,FALSE),"") | Y16: =IF(C16>0,O16*AA16*VLOOKUP(I16,$V$11:$W$17,2,FALSE),"") | Z16: =IF(C16>0,CEILING(C16*K16*(IF(L16>0,D16*1000/L16,0)+IF(M16>0,D16*1000/M16,0))/J16,1),"") | AA16: =IF(C16>0,CEILING(C16*P16*(IF(Q16>0,E16*1000/Q16,0)+IF(R16>0,E16*1000/R16,0))/O16,1),"") | AB16: =K16 -> 0 | AC16: =IF(C16>0,AC$21-$AB16*FLOOR(AC$21/$AB16,1),"") | AD16: =IF(D16>0,AD$21-$AB16*FLOOR(AD$21/$AB16,1),"") | AE16: =IF(E16>0,AE$21-$AB16*FLOOR(AE$21/$AB16,1),"") | AF16: =IF(F16>0,AF$21-$AB16*FLOOR(AF$21/$AB16,1),"") | AG16: =IF(G16>0,AG$21-$AB16*FLOOR(AG$21/$AB16,1),"") | AH16: =IF(AB16>0,SMALL(AC16:AG16,1),"") | AI16: =IF(AB16>0,HLOOKUP(AH16,AC16:AG35,6,FALSE),"") | AL16: =C16*D16*E16*F16 -> 0 | AM16: =C16*D16*E16*H16*1.05 -> 0 | AN16: =AM16-(AL16*1.15) -> 0 | AO16: =D16*E16*C16 -> 0 | AQ16: =P16 -> 0 | AR16: =IF(C16>0,AR$21-$AQ16*FLOOR(AR$21/$AQ16,1),"") | AS16: =IF(D16>0,AS$21-$AQ16*FLOOR(AS$21/$AQ16,1),"") | AT16: =IF(E16>0,AT$21-$AQ16*FLOOR(AT$21/$AQ16,1),"") | AU16: =IF(F16>0,AU$21-$AQ16*FLOOR(AU$21/$AQ16,1),"") | AV16: =IF(G16>0,AV$21-$AQ16*FLOOR(AV$21/$AQ16,1),"") | AW16: =IF(AQ16>0,SMALL(AR16:AV16,1),"") | AX16: =IF(AQ16>0,HLOOKUP(AW16,AR16:AV35,6,FALSE),"") | AY16: =IF(AQ16>0,SMALL(AR16:AV16,1),"") | AZ16: =IF(AQ16>0,HLOOKUP(AY16,AR16:AV35,6,FALSE),"") | BE16: =D16*E16*C16 -> 0 | BF16: =BE16/2.88 -> 0 | BG16: =(43/28)*BE16 -> 0 | BH16: =3/28*BE16 -> 0 | BI16: =1/28*BE16 -> 0
B17: S-7 | J17: =AI17 | K17: =D17-0.002*G17+2*F17/2 -> 0 | O17: =AX17 | P17: =E17-0.002*G17+2*F17/2 -> 0 | V17: 32mm Ø | W17: 6.3216658 | X17: =IF(C17>0,Z17*J17*VLOOKUP(I17,$V$11:$W$17,2,FALSE),"") | Y17: =IF(C17>0,O17*AA17*VLOOKUP(I17,$V$11:$W$17,2,FALSE),"") | Z17: =IF(C17>0,CEILING(C17*K17*(IF(L17>0,D17*1000/L17,0)+IF(M17>0,D17*1000/M17,0))/J17,1),"") | AA17: =IF(C17>0,CEILING(C17*P17*(IF(Q17>0,E17*1000/Q17,0)+IF(R17>0,E17*1000/R17,0))/O17,1),"") | AB17: =K17 -> 0 | AC17: =IF(C17>0,AC$21-$AB17*FLOOR(AC$21/$AB17,1),"") | AD17: =IF(D17>0,AD$21-$AB17*FLOOR(AD$21/$AB17,1),"") | AE17: =IF(E17>0,AE$21-$AB17*FLOOR(AE$21/$AB17,1),"") | AF17: =IF(F17>0,AF$21-$AB17*FLOOR(AF$21/$AB17,1),"") | AG17: =IF(G17>0,AG$21-$AB17*FLOOR(AG$21/$AB17,1),"") | AH17: =IF(AB17>0,SMALL(AC17:AG17,1),"") | AI17: =IF(AB17>0,HLOOKUP(AH17,AC17:AG37,5,FALSE),"") | AL17: =C17*D17*E17*F17 -> 0 | AM17: =C17*D17*E17*H17*1.05 -> 0 | AN17: =AM17-(AL17*1.15) -> 0 | AO17: =D17*E17*C17 -> 0 | AQ17: =P17 -> 0 | AR17: =IF(C17>0,AR$21-$AQ17*FLOOR(AR$21/$AQ17,1),"") | AS17: =IF(D17>0,AS$21-$AQ17*FLOOR(AS$21/$AQ17,1),"") | AT17: =IF(E17>0,AT$21-$AQ17*FLOOR(AT$21/$AQ17,1),"") | AU17: =IF(F17>0,AU$21-$AQ17*FLOOR(AU$21/$AQ17,1),"") | AV17: =IF(G17>0,AV$21-$AQ17*FLOOR(AV$21/$AQ17,1),"") | AW17: =IF(AQ17>0,SMALL(AR17:AV17,1),"") | AX17: =IF(AQ17>0,HLOOKUP(AW17,AR17:AV37,5,FALSE),"") | AY17: =IF(AQ17>0,SMALL(AR17:AV17,1),"") | AZ17: =IF(AQ17>0,HLOOKUP(AY17,AR17:AV37,5,FALSE),"") | BE17: =D17*E17*C17 -> 0 | BF17: =BE17/2.88 -> 0 | BG17: =(43/28)*BE17 -> 0 | BH17: =3/28*BE17 -> 0 | BI17: =1/28*BE17 -> 0
B18: S-8 | J18: =AI18 | K18: =D18-0.002*G18+2*F18/2 -> 0 | O18: =AX18 | P18: =E18-0.002*G18+2*F18/2 -> 0 | X18: =IF(C18>0,Z18*J18*VLOOKUP(I18,$V$11:$W$17,2,FALSE),"") | Y18: =IF(C18>0,O18*AA18*VLOOKUP(I18,$V$11:$W$17,2,FALSE),"") | Z18: =IF(C18>0,CEILING(C18*K18*(L18+M18)/J18,1),"") | AA18: =IF(C18>0,CEILING(C18*P18*(IF(Q18>0,E18*1000/Q18,0)+IF(R18>0,E18*1000/R18,0))/O18,1),"") | AB18: =K18 -> 0 | AC18: =IF(C18>0,AC$21-$AB18*FLOOR(AC$21/$AB18,1),"") | AD18: =IF(D18>0,AD$21-$AB18*FLOOR(AD$21/$AB18,1),"") | AE18: =IF(E18>0,AE$21-$AB18*FLOOR(AE$21/$AB18,1),"") | AF18: =IF(F18>0,AF$21-$AB18*FLOOR(AF$21/$AB18,1),"") | AG18: =IF(G18>0,AG$21-$AB18*FLOOR(AG$21/$AB18,1),"") | AH18: =IF(AB18>0,SMALL(AC18:AG18,1),"") | AI18: =IF(AB18>0,HLOOKUP(AH18,AC18:AG39,4,FALSE),"") | AL18: =C18*D18*E18*F18 -> 0 | AM18: =C18*D18*E18*H18*1.05 -> 0 | AN18: =AM18-(AL18*1.15) -> 0 | AO18: =D18*E18*C18 -> 0 | AQ18: =P18 -> 0 | AR18: =IF(C18>0,AR$21-$AQ18*FLOOR(AR$21/$AQ18,1),"") | AS18: =IF(D18>0,AS$21-$AQ18*FLOOR(AS$21/$AQ18,1),"") | AT18: =IF(E18>0,AT$21-$AQ18*FLOOR(AT$21/$AQ18,1),"") | AU18: =IF(F18>0,AU$21-$AQ18*FLOOR(AU$21/$AQ18,1),"") | AV18: =IF(G18>0,AV$21-$AQ18*FLOOR(AV$21/$AQ18,1),"") | AW18: =IF(AQ18>0,SMALL(AR18:AV18,1),"") | AX18: =IF(AQ18>0,HLOOKUP(AW18,AR18:AV39,4,FALSE),"") | AY18: =IF(AQ18>0,SMALL(AR18:AV18,1),"") | AZ18: =IF(AQ18>0,HLOOKUP(AY18,AR18:AV39,4,FALSE),"") | BE18: =D18*E18*C18 -> 0 | BF18: =BE18/2.88 -> 0 | BG18: =(43/28)*BE18 -> 0 | BH18: =3/28*BE18 -> 0 | BI18: =1/28*BE18 -> 0
B19: S-9 | J19: =AI19 | K19: =D19-0.002*G19+2*F19/2 -> 0 | O19: =AX19 | P19: =E19-0.002*G19+2*F19/2 -> 0 | X19: =IF(C19>0,Z19*J19*VLOOKUP(I19,$V$11:$W$17,2,FALSE),"") | Y19: =IF(C19>0,O19*AA19*VLOOKUP(I19,$V$11:$W$17,2,FALSE),"") | Z19: =IF(C19>0,CEILING(C19*K19*(L19+M19)/J19,1),"") | AA19: =IF(C19>0,CEILING(C19*P19*(IF(Q19>0,E19*1000/Q19,0)+IF(R19>0,E19*1000/R19,0))/O19,1),"") | AB19: =K19 -> 0 | AC19: =IF(C19>0,AC$21-$AB19*FLOOR(AC$21/$AB19,1),"") | AD19: =IF(D19>0,AD$21-$AB19*FLOOR(AD$21/$AB19,1),"") | AE19: =IF(E19>0,AE$21-$AB19*FLOOR(AE$21/$AB19,1),"") | AF19: =IF(F19>0,AF$21-$AB19*FLOOR(AF$21/$AB19,1),"") | AG19: =IF(G19>0,AG$21-$AB19*FLOOR(AG$21/$AB19,1),"") | AH19: =IF(AB19>0,SMALL(AC19:AG19,1),"") | AI19: =IF(AB19>0,HLOOKUP(AH19,AC19:AG41,3,FALSE),"") | AL19: =C19*D19*E19*F19 -> 0 | AM19: =C19*D19*E19*H19*1.05 -> 0 | AN19: =AM19-(AL19*1.15) -> 0 | AO19: =D19*E19*C19 -> 0 | AQ19: =P19 -> 0 | AR19: =IF(C19>0,AR$21-$AQ19*FLOOR(AR$21/$AQ19,1),"") | AS19: =IF(D19>0,AS$21-$AQ19*FLOOR(AS$21/$AQ19,1),"") | AT19: =IF(E19>0,AT$21-$AQ19*FLOOR(AT$21/$AQ19,1),"") | AU19: =IF(F19>0,AU$21-$AQ19*FLOOR(AU$21/$AQ19,1),"") | AV19: =IF(G19>0,AV$21-$AQ19*FLOOR(AV$21/$AQ19,1),"") | AW19: =IF(AQ19>0,SMALL(AR19:AV19,1),"") | AX19: =IF(AQ19>0,HLOOKUP(AW19,AR19:AV41,3,FALSE),"") | AY19: =IF(AQ19>0,SMALL(AR19:AV19,1),"") | AZ19: =IF(AQ19>0,HLOOKUP(AY19,AR19:AV41,3,FALSE),"") | BE19: =D19*E19*C19 -> 0 | BF19: =BE19/2.88 -> 0 | BG19: =(43/28)*BE19 -> 0 | BH19: =3/28*BE19 -> 0 | BI19: =1/28*BE19 -> 0
B20: S-10 | J20: =AI20 | K20: =D20-0.002*G20+2*F20/2 -> 0 | O20: =AX20 | P20: =E20-0.002*G20+2*F20/2 -> 0 | X20: =IF(C20>0,Z20*J20*VLOOKUP(I20,$V$11:$W$17,2,FALSE),"") | Y20: =IF(C20>0,O20*AA20*VLOOKUP(I20,$V$11:$W$17,2,FALSE),"") | Z20: =IF(C20>0,CEILING(C20*K20*(L20+M20)/J20,1),"") | AA20: =IF(C20>0,CEILING(C20*P20*(IF(Q20>0,E20*1000/Q20,0)+IF(R20>0,E20*1000/R20,0))/O20,1),"") | AB20: =K20 -> 0 | AC20: =IF(C20>0,AC$21-$AB20*FLOOR(AC$21/$AB20,1),"") | AD20: =IF(D20>0,AD$21-$AB20*FLOOR(AD$21/$AB20,1),"") | AE20: =IF(E20>0,AE$21-$AB20*FLOOR(AE$21/$AB20,1),"") | AF20: =IF(F20>0,AF$21-$AB20*FLOOR(AF$21/$AB20,1),"") | AG20: =IF(G20>0,AG$21-$AB20*FLOOR(AG$21/$AB20,1),"") | AH20: =IF(AB20>0,SMALL(AC20:AG20,1),"") | AI20: =IF(AB20>0,HLOOKUP(AH20,AC20:AG43,2,FALSE),"") | AL20: =C20*D20*E20*F20 -> 0 | AM20: =C20*D20*E20*H20*1.05 -> 0 | AN20: =AM20-(AL20*1.15) -> 0 | AO20: =D20*E20*C20 -> 0 | AQ20: =P20 -> 0 | AR20: =IF(C20>0,AR$21-$AQ20*FLOOR(AR$21/$AQ20,1),"") | AS20: =IF(D20>0,AS$21-$AQ20*FLOOR(AS$21/$AQ20,1),"") | AT20: =IF(E20>0,AT$21-$AQ20*FLOOR(AT$21/$AQ20,1),"") | AU20: =IF(F20>0,AU$21-$AQ20*FLOOR(AU$21/$AQ20,1),"") | AV20: =IF(G20>0,AV$21-$AQ20*FLOOR(AV$21/$AQ20,1),"") | AW20: =IF(AQ20>0,SMALL(AR20:AV20,1),"") | AX20: =IF(AQ20>0,HLOOKUP(AW20,AR20:AV43,2,FALSE),"") | AY20: =IF(AQ20>0,SMALL(AR20:AV20,1),"") | AZ20: =IF(AQ20>0,HLOOKUP(AY20,AR20:AV43,2,FALSE),"") | BE20: =D20*E20*C20 -> 0 | BF20: =BE20/2.88 -> 0 | BG20: =(43/28)*BE20 -> 0 | BH20: =3/28*BE20 -> 0 | BI20: =1/28*BE20 -> 0
X21: =SUM(X11:X17) -> 285.21578 | Y21: =SUM(Y11:Y17) -> 168.5366 | AC21: 6 | AD21: =AC21+1.5 -> 7.5 | AE21: =AD21+1.5 -> 9 | AF21: =AE21+1.5 -> 10.5 | AG21: =AF21+1.5 -> 12 | AL21: =SUM(AL11:AL20) -> 4.14585 | AM21: =SUM(AM11:AM20) -> #VALUE! | AN21: =SUM(AN11:AN20) -> #VALUE! | AR21: 6 | AS21: =AR21+1.5 -> 7.5 | AT21: =AS21+1.5 -> 9 | AU21: =AT21+1.5 -> 10.5 | AV21: =AU21+1.5 -> 12 | BE21: =SUM(BE11:BE20) -> 33.1668 | BF21: =CEILING(SUM(BF11:BF20),1) -> 12 | BG21: =CEILING(SUM(BG11:BG20),1) -> 51 | BH21: =CEILING(SUM(BH11:BH20),1) -> 4 | BI21: =CEILING(SUM(BI11:BI20),1) -> 2
F22: MATERIALS | X22: =X21+Y21 -> 453.75238 | AL22: =VLOOKUP(G8,AJ11:AK14,2,FALSE) -> 12
X23: Tie Wire | Y23: =CEILING(0.013*X22,0.5) -> 6 | AK23: Cement | AL23: =CEILING(AL22*AL21,1) -> 50
F24: FOOTING | G24: ITEM | H24: QUANTITY | I24: UNIT | J24: PRICE | K24: TOTAL COST | AK24: Sand | AL24: =AL21/2 -> 2.072925
G25: ='Materials Price List'!A8 -> Cement | H25: =AL23 -> 50 | I25: bags | J25: =IF(H25="","",VLOOKUP(G25,'Materials Price List'!$A$8:$B$46,2,FALSE)) -> 220 | K25: =IF(H25="","",H25*J25) -> 11000 | AK25: Gravel | AL25: =AL21 -> 4.14585
G26: ='Materials Price List'!A9 -> Sand | H26: =AL24 -> 2.072925 | I26: cu.m | J26: =IF(H26="","",VLOOKUP(G26,'Materials Price List'!$A$8:$B$46,2,FALSE)) -> 875 | K26: =IF(H26="","",H26*J26) -> 1813.8094
G27: ='Materials Price List'!A10 -> Gravel | H27: =AL25 -> 4.14585 | I27: cu.m | J27: =IF(H27="","",VLOOKUP(G27,'Materials Price List'!$A$8:$B$46,2,FALSE)) -> 1875 | K27: =IF(H27="","",H27*J27) -> 7773.4688
G28: Tie Wire | H28: =Y23 -> 6 | I28: kg | J28: =IF(H28="","",VLOOKUP(G28,'Materials Price List'!$A$8:$B$46,2,FALSE)) -> 95 | K28: =IF(H28="","",H28*J28) -> 570
G29: ='Materials Price List'!A54 -> 3/4" Phenolic Board | H29: =IF(H11="Suspended",BF21,"") -> 12 | I29: pcs | J29: =IF(H29="","",VLOOKUP(G29,'Materials Price List'!$A$8:$B$419,2,FALSE)) -> 1200 | K29: =IF(H29="","",H29*J29) -> 14400
G30: ='Materials Price List'!A53 -> 2x2x12 Good Lumber | H30: =IF(H11="Suspended",BG21,"") -> 51 | I30: pcs | J30: =IF(H30="","",VLOOKUP(G30,'Materials Price List'!$A$8:$B$419,2,FALSE)) -> 320 | K30: =IF(H30="","",H30*J30) -> 16320
G31: ='Materials Price List'!A56 -> Common Nail 3" | H31: =IF(H11="Suspended",BH21,"") -> 4 | I31: kg | J31: =IF(H31="","",VLOOKUP(G31,'Materials Price List'!$A$8:$B$419,2,FALSE)) -> 90 | K31: =IF(H31="","",H31*J31) -> 360
G32: ='Materials Price List'!A55 -> Common Nail 2" | H32: =IF(H11="Suspended",BI21,"") -> 2 | I32: kg | J32: =IF(H32="","",VLOOKUP(G32,'Materials Price List'!$A$8:$B$419,2,FALSE)) -> 90 | K32: =IF(H32="","",H32*J32) -> 180
F33: =IF(C11>0,B11,"") -> S-1 | G33: =IF(C11>0,CONCATENATE(I11," X ",J11,"m"),"") -> 10mm Ø X 10.5m | H33: =Z11 -> 22 | I33: =IF(H33="","","pcs") -> pcs | J33: =IF(H33="","",VLOOKUP(G33,'Materials Price List'!$A$12:$B$46,2)) -> 288.16901 | K33: =IF(H33="","",H33*J33) -> 6339.7183
F34: =F33 -> S-1 | G34: =IF(C11>0,CONCATENATE(N11," X ",O11,"m"),"") -> 10mm Ø X 10.5m | H34: =AA11 -> 13 | I34: =IF(H34="","","pcs") -> pcs | J34: =IF(H34="","",VLOOKUP(G34,'Materials Price List'!$A$12:$B$46,2)) -> 288.16901 | K34: =IF(H34="","",H34*J34) -> 3746.1972
F35: =IF(C12>0,B12,"") -> S-2 | G35: =IF(C12>0,CONCATENATE(I12," X ",J12,"m"),"") -> 10mm Ø X 10.5m | H35: =Z12 -> 22 | I35: =IF(H35="","","pcs") -> pcs | J35: =IF(H35="","",VLOOKUP(G35,'Materials Price List'!$A$12:$B$46,2)) -> 288.16901 | K35: =IF(H35="","",H35*J35) -> 6339.7183
F36: =F35 -> S-2 | G36: =IF(C12>0,CONCATENATE(N12," X ",O12,"m"),"") -> 10mm Ø X 10.5m | H36: =AA12 -> 13 | I36: =IF(H36="","","pcs") -> pcs | J36: =IF(H36="","",VLOOKUP(G36,'Materials Price List'!$A$12:$B$46,2)) -> 288.16901 | K36: =IF(H36="","",H36*J36) -> 3746.1972
F37: =IF(C13>0,B13,"") | G37: =IF(C13>0,CONCATENATE(I13," X ",J13,"m"),"") | H37: =Z13 | I37: =IF(H37="","","pcs") | J37: =IF(H37="","",VLOOKUP(G37,'Materials Price List'!$A$12:$B$46,2)) | K37: =IF(H37="","",H37*J37)
F38: =F37 | G38: =IF(C13>0,CONCATENATE(N13," X ",O13,"m"),"") | H38: =AA13 | I38: =IF(H38="","","pcs") | J38: =IF(H38="","",VLOOKUP(G38,'Materials Price List'!$A$12:$B$46,2)) | K38: =IF(H38="","",H38*J38)
F39: =IF(C14>0,B14,"") | G39: =IF(C14>0,CONCATENATE(I14," X ",J14,"m"),"") | H39: =Z14 | I39: =IF(H39="","","pcs") | J39: =IF(H39="","",VLOOKUP(G39,'Materials Price List'!$A$12:$B$46,2)) | K39: =IF(H39="","",H39*J39)
F40: =F39 | G40: =IF(C14>0,CONCATENATE(N14," X ",O14,"m"),"") | H40: =AA14 | I40: =IF(H40="","","pcs") | J40: =IF(H40="","",VLOOKUP(G40,'Materials Price List'!$A$12:$B$46,2)) | K40: =IF(H40="","",H40*J40)
F41: =IF(C15>0,B15,"") | G41: =IF(C15>0,CONCATENATE(I15," X ",J15,"m"),"") | H41: =Z15 | I41: =IF(H41="","","pcs") | J41: =IF(H41="","",VLOOKUP(G41,'Materials Price List'!$A$12:$B$46,2)) | K41: =IF(H41="","",H41*J41)
F42: =F41 | G42: =IF(C15>0,CONCATENATE(N15," X ",O15,"m"),"") | H42: =AA15 | I42: =IF(H42="","","pcs") | J42: =IF(H42="","",VLOOKUP(G42,'Materials Price List'!$A$12:$B$46,2)) | K42: =IF(H42="","",H42*J42)
F43: =IF(C16>0,B16,"") | G43: =IF(C16>0,CONCATENATE(I16," X ",J16,"m"),"") | H43: =Z16 | I43: =IF(H43="","","pcs") | J43: =IF(H43="","",VLOOKUP(G43,'Materials Price List'!$A$12:$B$46,2)) | K43: =IF(H43="","",H43*J43)
F44: =F43 | G44: =IF(C16>0,CONCATENATE(N16," X ",O16,"m"),"") | H44: =AA16 | I44: =IF(H44="","","pcs") | J44: =IF(H44="","",VLOOKUP(G44,'Materials Price List'!$A$12:$B$46,2)) | K44: =IF(H44="","",H44*J44)
F45: =IF(C17>0,B17,"") | G45: =IF(C17>0,CONCATENATE(I17," X ",J17,"m"),"") | H45: =Z17 | I45: =IF(H45="","","pcs") | J45: =IF(H45="","",VLOOKUP(G45,'Materials Price List'!$A$12:$B$46,2)) | K45: =IF(H45="","",H45*J45)
F46: =F45 | G46: =IF(C17>0,CONCATENATE(N17," X ",O17,"m"),"") | H46: =AA17 | I46: =IF(H46="","","pcs") | J46: =IF(H46="","",VLOOKUP(G46,'Materials Price List'!$A$12:$B$46,2)) | K46: =IF(H46="","",H46*J46)
F47: =IF(C18>0,B18,"") | G47: =IF(C18>0,CONCATENATE(I18," X ",J18,"m"),"") | H47: =Z18 | I47: =IF(H47="","","pcs") | J47: =IF(H47="","",VLOOKUP(G47,'Materials Price List'!$A$12:$B$46,2)) | K47: =IF(H47="","",H47*J47)
F48: =F47 | G48: =IF(C18>0,CONCATENATE(N18," X ",O18,"m"),"") | H48: =AA18 | I48: =IF(H48="","","pcs") | J48: =IF(H48="","",VLOOKUP(G48,'Materials Price List'!$A$12:$B$46,2)) | K48: =IF(H48="","",H48*J48)
F49: =IF(C19>0,B19,"") | G49: =IF(C19>0,CONCATENATE(I19," X ",J19,"m"),"") | H49: =Z19 | I49: =IF(H49="","","pcs") | J49: =IF(H49="","",VLOOKUP(G49,'Materials Price List'!$A$12:$B$46,2)) | K49: =IF(H49="","",H49*J49)
F50: =F49 | G50: =IF(C19>0,CONCATENATE(N19," X ",O19,"m"),"") | H50: =AA19 | I50: =IF(H50="","","pcs") | J50: =IF(H50="","",VLOOKUP(G50,'Materials Price List'!$A$12:$B$46,2)) | K50: =IF(H50="","",H50*J50)
F51: =IF(C20>0,B20,"") | G51: =IF(C20>0,CONCATENATE(I20," X ",J20,"m"),"") | H51: =Z20 | I51: =IF(H51="","","pcs") | J51: =IF(H51="","",VLOOKUP(G51,'Materials Price List'!$A$12:$B$46,2)) | K51: =IF(H51="","",H51*J51)
F52: =F51 | G52: =IF(C20>0,CONCATENATE(N20," X ",O20,"m"),"") | H52: =AA20 | I52: =IF(H52="","","pcs") | J52: =IF(H52="","",VLOOKUP(G52,'Materials Price List'!$A$12:$B$46,2)) | K52: =IF(H52="","",H52*J52)
F53: TOTAL MATERIAL COST = | K53: =SUM(K25:K52) -> 72589.109
F54: LABOR COST (% of Materials) = | J54: 0.35 | K54: =J54*K53 -> 25406.188
F56: SHORING JACK
F57: Area = | H57: =BE21 -> 33.1668 | I57: sq.m | J57: 300 | K57: per pc. Rental rate
G58: Required Qty. = | H58: =CEILING(H57*90/(9*6),1) -> 56 | I58: pcs
F60: SHORING JACK RENTAL (28 DAYS) = | K60: =J57*H58 -> 16800
F62: ONE-BAGGER MIXER OUTPUT = | J62: 8 | K62: cu.m per day
F63: TOTAL DAYS (rounded up to 1 day) = | J63: =CEILING(SUM(AL11:AL20)/J62,1) -> 1 | K63: day
F64: ONE-BAGGER MIXER RENTAL RATE = | J64: ='Materials Price List'!B47 -> 1200 | K64: per day
F65: ONE-BAGGER MIXER RENTAL COST = | K65: =J64*J63 -> 1200
H67: TOTAL COST = | K67: =K53+K54+K65+K60 -> 115995.3

Sheet Wall
B1: WALL ESTIMATE
B6: WALL DETAILS
B7: WALL | C7: Quantity | D7: Concrete | G7: Mortar Mix Class | I7: Reinforcement (Rebar Length = Manual)
G8: B | AP8: MORTAR
D9: Length (m) | E9: Height (m) | F9: Thickness | G9: Plaster Thickness Sides (1 or 2) | H9: Deductible Areas (ex. Doors & Windows) (sq.m) | I9: Along Length | N9: Along Width | AP9: Concrete Area | BB9: AREA | BR9: FORMWORKS
I10: Bar Size | J10: Economical Bar Length (m) | K10: Steel Bars Length | L10: Vertical Bars Spacing (mm) | M10: Horizontal Bars Spacing (mm) | N10: Bar Size | O10: Economical Bar Length (m) | P10: Cutting Length | Q10: Top Bar (spacing) (mm) | R10: Bottom Bar (spacing) (mm) | T10: =3/0.25 -> 12 | X10: Tie Wire | Y10: Tie Wire | AK10: _100mm | AL10: _150mm | AM10: _200mm | AQ10: CHB | AR10: MIX | AS10: CEMENT MULTIPLIER | AT10: BAGS OF CEMENT | AU10: SAND | AV10: BAGS OF CEMENT | AW10: SAND | AX10: _100mm | AY10: _150mm | AZ10: _200mm | BL10: Bar size | BM10: Bar Length | BN10: Along Length | BO10: Quantity | BP10: Along Width | BQ10: Quantity | BR10: AREA | BS10: PLYWOOD | BT10: 2X2X12 | BU10: CWN 3" | BV10: CWN 2"
B11: W-1 | C11: 3 | D11: 3 | E11: 2.4 | F11: _150mm | G11: 2 | H11: 0.85 | I11: 12mm Ø | J11: =K11 -> 9 | K11: 9 | L11: 800 | M11: 800 | N11: 10mm Ø | O11: =BK11 -> #VALUE! | P11: =E11-0.002*G11+2*F11/2 -> #VALUE! | T11: 6 | U11: 100 | V11: 10mm Ø | W11: 0.61735018 | X11: =IF(C11>0,Z11*J11*VLOOKUP(I11,$V$11:$W$17,2,FALSE),"") -> 56.006008 | Z11: =IF(C11>0,CEILING(C11*(IF(L11>0,D11*1000/L11,0)*D11+IF(M11>0,E11*1000/M11,0)*E11)/J11,1),"") -> 7 | AB11: =K11 -> 9 | AC11: =IF(C11>0,AC$21-$AB11*FLOOR(AC$21/$AB11,1),"") -> 6 | AD11: =IF(D11>0,AD$21-$AB11*FLOOR(AD$21/$AB11,1),"") -> 7.5 | AE11: =IF(E11>0,AE$21-$AB11*FLOOR(AE$21/$AB11,1),"") -> 0 | AF11: =IF(F11>0,AF$21-$AB11*FLOOR(AF$21/$AB11,1),"") -> 1.5 | AG11: =IF(G11>0,AG$21-$AB11*FLOOR(AG$21/$AB11,1),"") -> 3 | AH11: =IF(AB11>0,SMALL(AC11:AG11,1),"") -> 0 | AI11: =IF(AB11>0,HLOOKUP(AH11,AC11:AG21,11,FALSE),"") -> 9 | AJ11: A | AK11: 0.792 | AL11: 1.526 | AM11: 2.26 | AP11: =C11*D11*E11 -> 21.6 | AQ11: =F11 -> _150mm | AR11: =IF(AQ11>0,$G$8,"") -> B | AS11: =IF(AP11>0,INDIRECT(AQ11) INDIRECT(AR11),"") -> 1.018 | AT11: =IF(AP11>0,AP11*AS11,"") -> 21.9888 | AU11: =IF(AP11>0,AP11*HLOOKUP(AQ11,$AK$10:$AM$15,6,0),"") -> 1.82304 | AV11: =IF(AP11>0,G11*AP11*VLOOKUP(AR11,$AJ$31:$AK$34,2),"") -> 12.96 | AW11: =IF(AP11>0,$AK$35*G11*AP11,"") -> 1.08 | AX11: =IF(AQ11=$AX$10,AP11*12.5,"") | AY11: =IF(AQ11=$AY$10,AP11*12.5,"") -> 270 | AZ11: =IF(AQ11=$AZ$10,AP11*12.5,"") | BB11: =D11*E11*C11 -> 21.6 | BD11: =P11 -> #VALUE! | BE11: =IF(C11>0,BE$21-$BD11*FLOOR(BE$21/$BD11,1),"") -> #VALUE! | BF11: =IF(D11>0,BF$21-$BD11*FLOOR(BF$21/$BD11,1),"") -> #VALUE! | BG11: =IF(E11>0,BG$21-$BD11*FLOOR(BG$21/$BD11,1),"") -> #VALUE! | BH11: =IF(F11>0,BH$21-$BD11*FLOOR(BH$21/$BD11,1),"") -> #VALUE! | BI11: =IF(G11>0,BI$21-$BD11*FLOOR(BI$21/$BD11,1),"") -> #VALUE! | BJ11: =IF(BD11>0,SMALL(BE11:BI11,1),"") -> #VALUE! | BK11: =IF(BD11>0,HLOOKUP(BJ11,BE11:BI21,11,FALSE),"") -> #VALUE! | BR11: =D11*E11*C11 -> 21.6 | BS11: =BR11/2.88 -> 7.5 | BT11: =(43/28)*BR11 -> 33.171429 | BU11: =3/28*BR11 -> 2.3142857 | BV11: =1/28*BR11 -> 0.77142857
B12: W-2 | J12: =K12 -> 0 | N12: 10mm Ø | O12: =BK12 | P12: =E12-0.002*G12+2*F12/2 -> 0 | T12: =T11+1.5 -> 7.5 | U12: 150 | V12: 12mm Ø | W12: 0.88898426 | X12: =IF(C12>0,Z12*J12*VLOOKUP(I12,$V$11:$W$17,2,FALSE),"") | Z12: =IF(C12>0,CEILING(C12*(IF(L12>0,D12*1000/L12,0)*D12+IF(M12>0,E12*1000/M12,0)*E12)/J12,1),"") | AA12: =IF(C12>0,CEILING(C12*P12*(Q12+R12)/O12,1),"") | AB12: =K12 -> 0 | AC12: =IF(C12>0,AC$21-$AB12*FLOOR(AC$21/$AB12,1),"") | AD12: =IF(D12>0,AD$21-$AB12*FLOOR(AD$21/$AB12,1),"") | AE12: =IF(E12>0,AE$21-$AB12*FLOOR(AE$21/$AB12,1),"") | AF12: =IF(F12>0,AF$21-$AB12*FLOOR(AF$21/$AB12,1),"") | AG12: =IF(G12>0,AG$21-$AB12*FLOOR(AG$21/$AB12,1),"") | AH12: =IF(AB12>0,SMALL(AC12:AG12,1),"") | AI12: =IF(AB12>0,HLOOKUP(AH12,AC12:AG22,10,FALSE),"") | AJ12: B | AK12: 0.522 | AL12: 1.018 | AM12: 1.5 | AP12: =C12*D12*E12 -> 0 | AQ12: =F12 -> 0 | AR12: =IF(AQ12>0,$G$8,"") | AS12: =IF(AP12>0,INDIRECT(AQ12) INDIRECT(AR12),"") | AT12: =IF(AP12>0,AP12*AS12,"") | AU12: =IF(AP12>0,AP12*HLOOKUP(AQ12,$AK$10:$AM$15,6,0),"") | AV12: =IF(AP12>0,G12*AP12*VLOOKUP(AR12,$AJ$31:$AK$34,2),"") | AW12: =IF(AP12>0,$AK$35*G12*AP12,"") | AX12: =IF(AQ12=$AX$10,AP12*12.5,"") | AY12: =IF(AQ12=$AY$10,AP12*12.5,"") | AZ12: =IF(AQ12=$AZ$10,AP12*12.5,"") | BB12: =D12*E12*C12 -> 0 | BD12: =P12 -> 0 | BE12: =IF(C12>0,BE$21-$BD12*FLOOR(BE$21/$BD12,1),"") | BF12: =IF(D12>0,BF$21-$BD12*FLOOR(BF$21/$BD12,1),"") | BG12: =IF(E12>0,BG$21-$BD12*FLOOR(BG$21/$BD12,1),"") | BH12: =IF(F12>0,BH$21-$BD12*FLOOR(BH$21/$BD12,1),"") | BI12: =IF(G12>0,BI$21-$BD12*FLOOR(BI$21/$BD12,1),"") | BJ12: =IF(BD12>0,SMALL(BE12:BI12,1),"") | BK12: =IF(BD12>0,HLOOKUP(BJ12,BE12:BI22,10,FALSE),"") | BR12: =D12*E12*C12 -> 0 | BS12: =BR12/2.88 -> 0 | BT12: =(43/28)*BR12 -> 0 | BU12: =3/28*BR12 -> 0 | BV12: =1/28*BR12 -> 0
B13: W-3 | J13: =K13 -> 0 | O13: =BK13 | P13: =E13-0.002*G13+2*F13/2 -> 0 | T13: =T12+1.5 -> 9 | U13: 200 | V13: 16mm Ø | W13: 1.5804165 | X13: =IF(C13>0,Z13*J13*VLOOKUP(I13,$V$11:$W$17,2,FALSE),"") | Y13: =IF(C13>0,O13*AA13*VLOOKUP(I13,$V$11:$W$17,2,FALSE),"") | Z13: =IF(C13>0,CEILING(C13*(IF(L13>0,D13*1000/L13,0)*D13+IF(M13>0,E13*1000/M13,0)*E13)/J13,1),"") | AA13: =IF(C13>0,CEILING(C13*P13*(Q13+R13)/O13,1),"") | AB13: =K13 -> 0 | AC13: =IF(C13>0,AC$21-$AB13*FLOOR(AC$21/$AB13,1),"") | AD13: =IF(D13>0,AD$21-$AB13*FLOOR(AD$21/$AB13,1),"") | AE13: =IF(E13>0,AE$21-$AB13*FLOOR(AE$21/$AB13,1),"") | AF13: =IF(F13>0,AF$21-$AB13*FLOOR(AF$21/$AB13,1),"") | AG13: =IF(G13>0,AG$21-$AB13*FLOOR(AG$21/$AB13,1),"") | AH13: =IF(AB13>0,SMALL(AC13:AG13,1),"") | AI13: =IF(AB13>0,HLOOKUP(AH13,AC13:AG23,9,FALSE),"") | AJ13: C_ | AK13: 0.394 | AL13: 0.763 | AM13: 1.125 | AP13: =C13*D13*E13 -> 0 | AQ13: =F13 -> 0 | AR13: =IF(AQ13>0,$G$8,"") | AS13: =IF(AP13>0,INDIRECT(AQ13) INDIRECT(AR13),"") | AT13: =IF(AP13>0,AP13*AS13,"") | AU13: =IF(AP13>0,AP13*HLOOKUP(AQ13,$AK$10:$AM$15,6,0),"") | AV13: =IF(AP13>0,G13*AP13*VLOOKUP(AR13,$AJ$31:$AK$34,2),"") | AW13: =IF(AP13>0,$AK$35*G13*AP13,"") | AX13: =IF(AQ13=$AX$10,AP13*12.5,"") | AY13: =IF(AQ13=$AY$10,AP13*12.5,"") | AZ13: =IF(AQ13=$AZ$10,AP13*12.5,"") | BB13: =D13*E13*C13 -> 0 | BD13: =P13 -> 0 | BE13: =IF(C13>0,BE$21-$BD13*FLOOR(BE$21/$BD13,1),"") | BF13: =IF(D13>0,BF$21-$BD13*FLOOR(BF$21/$BD13,1),"") | BG13: =IF(E13>0,BG$21-$BD13*FLOOR(BG$21/$BD13,1),"") | BH13: =IF(F13>0,BH$21-$BD13*FLOOR(BH$21/$BD13,1),"") | BI13: =IF(G13>0,BI$21-$BD13*FLOOR(BI$21/$BD13,1),"") | BJ13: =IF(BD13>0,SMALL(BE13:BI13,1),"") | BK13: =IF(BD13>0,HLOOKUP(BJ13,BE13:BI23,9,FALSE),"") | BR13: =D13*E13*C13 -> 0 | BS13: =BR13/2.88 -> 0 | BT13: =(43/28)*BR13 -> 0 | BU13: =3/28*BR13 -> 0 | BV13: =1/28*BR13 -> 0
B14: W-4 | J14: =K14 -> 0 | O14: =BK14 | P14: =E14-0.002*G14+2*F14/2 -> 0 | T14: =T13+1.5 -> 10.5 | V14: 20mm Ø | W14: 2.4694007 | X14: =IF(C14>0,Z14*J14*VLOOKUP(I14,$V$11:$W$17,2,FALSE),"") | Y14: =IF(C14>0,O14*AA14*VLOOKUP(I14,$V$11:$W$17,2,FALSE),"") | Z14: =IF(C14>0,CEILING(C14*(IF(L14>0,D14*1000/L14,0)*D14+IF(M14>0,E14*1000/M14,0)*E14)/J14,1),"") | AA14: =IF(C14>0,CEILING(C14*P14*(Q14+R14)/O14,1),"") | AB14: =K14 -> 0 | AC14: =IF(C14>0,AC$21-$AB14*FLOOR(AC$21/$AB14,1),"") | AD14: =IF(D14>0,AD$21-$AB14*FLOOR(AD$21/$AB14,1),"") | AE14: =IF(E14>0,AE$21-$AB14*FLOOR(AE$21/$AB14,1),"") | AF14: =IF(F14>0,AF$21-$AB14*FLOOR(AF$21/$AB14,1),"") | AG14: =IF(G14>0,AG$21-$AB14*FLOOR(AG$21/$AB14,1),"") | AH14: =IF(AB14>0,SMALL(AC14:AG14,1),"") | AI14: =IF(AB14>0,HLOOKUP(AH14,AC14:AG24,8,FALSE),"") | AJ14: D | AK14: 0.328 | AL14: 0.633 | AM14: 0.938 | AP14: =C14*D14*E14 -> 0 | AQ14: =F14 -> 0 | AR14: =IF(AQ14>0,$G$8,"") | AS14: =IF(AP14>0,INDIRECT(AQ14) INDIRECT(AR14),"") | AT14: =IF(AP14>0,AP14*AS14,"") | AU14: =IF(AP14>0,AP14*HLOOKUP(AQ14,$AK$10:$AM$15,6,0),"") | AV14: =IF(AP14>0,G14*AP14*VLOOKUP(AR14,$AJ$31:$AK$34,2),"") | AW14: =IF(AP14>0,$AK$35*G14*AP14,"") | AX14: =IF(AQ14=$AX$10,AP14*12.5,"") | AY14: =IF(AQ14=$AY$10,AP14*12.5,"") | AZ14: =IF(AQ14=$AZ$10,AP14*12.5,"") | BB14: =D14*E14*C14 -> 0 | BD14: =P14 -> 0 | BE14: =IF(C14>0,BE$21-$BD14*FLOOR(BE$21/$BD14,1),"") | BF14: =IF(D14>0,BF$21-$BD14*FLOOR(BF$21/$BD14,1),"") | BG14: =IF(E14>0,BG$21-$BD14*FLOOR(BG$21/$BD14,1),"") | BH14: =IF(F14>0,BH$21-$BD14*FLOOR(BH$21/$BD14,1),"") | BI14: =IF(G14>0,BI$21-$BD14*FLOOR(BI$21/$BD14,1),"") | BJ14: =IF(BD14>0,SMALL(BE14:BI14,1),"") | BK14: =IF(BD14>0,HLOOKUP(BJ14,BE14:BI24,8,FALSE),"") | BL14: =IF(BD14>0,SMALL(BE14:BI14,1),"") | BM14: =IF(BD14>0,HLOOKUP(BL14,BE14:BI24,8,FALSE),"") | BR14: =D14*E14*C14 -> 0 | BS14: =BR14/2.88 -> 0 | BT14: =(43/28)*BR14 -> 0 | BU14: =3/28*BR14 -> 0 | BV14: =1/28*BR14 -> 0
B15: W-5 | J15: =K15 -> 0 | O15: =BK15 | P15: =E15-0.002*G15+2*F15/2 -> 0 | T15: =T14+1.5 -> 12 | V15: 25mm Ø | W15: 3.8584386 | X15: =IF(C15>0,Z15*J15*VLOOKUP(I15,$V$11:$W$17,2,FALSE),"") | Y15: =IF(C15>0,O15*AA15*VLOOKUP(I15,$V$11:$W$17,2,FALSE),"") | Z15: =IF(C15>0,CEILING(C15*(IF(L15>0,D15*1000/L15,0)*D15+IF(M15>0,E15*1000/M15,0)*E15)/J15,1),"") | AA15: =IF(C15>0,CEILING(C15*P15*(Q15+R15)/O15,1),"") | AB15: =K15 -> 0 | AC15: =IF(C15>0,AC$21-$AB15*FLOOR(AC$21/$AB15,1),"") | AD15: =IF(D15>0,AD$21-$AB15*FLOOR(AD$21/$AB15,1),"") | AE15: =IF(E15>0,AE$21-$AB15*FLOOR(AE$21/$AB15,1),"") | AF15: =IF(F15>0,AF$21-$AB15*FLOOR(AF$21/$AB15,1),"") | AG15: =IF(G15>0,AG$21-$AB15*FLOOR(AG$21/$AB15,1),"") | AH15: =IF(AB15>0,SMALL(AC15:AG15,1),"") | AI15: =IF(AB15>0,HLOOKUP(AH15,AC15:AG31,7,FALSE),"") | AK15: 0.0435 | AL15: 0.0844 | AM15: 0.125 | AP15: =C15*D15*E15 -> 0 | AQ15: =F15 -> 0 | AR15: =IF(AQ15>0,$G$8,"") | AS15: =IF(AP15>0,INDIRECT(AQ15) INDIRECT(AR15),"") | AT15: =IF(AP15>0,AP15*AS15,"") | AU15: =IF(AP15>0,AP15*HLOOKUP(AQ15,$AK$10:$AM$15,6,0),"") | AV15: =IF(AP15>0,G15*AP15*VLOOKUP(AR15,$AJ$31:$AK$34,2),"") | AW15: =IF(AP15>0,$AK$35*G15*AP15,"") | AX15: =IF(AQ15=$AX$10,AP15*12.5,"") | AY15: =IF(AQ15=$AY$10,AP15*12.5,"") | AZ15: =IF(AQ15=$AZ$10,AP15*12.5,"") | BB15: =D15*E15*C15 -> 0 | BD15: =P15 -> 0 | BE15: =IF(C15>0,BE$21-$BD15*FLOOR(BE$21/$BD15,1),"") | BF15: =IF(D15>0,BF$21-$BD15*FLOOR(BF$21/$BD15,1),"") | BG15: =IF(E15>0,BG$21-$BD15*FLOOR(BG$21/$BD15,1),"") | BH15: =IF(F15>0,BH$21-$BD15*FLOOR(BH$21/$BD15,1),"") | BI15: =IF(G15>0,BI$21-$BD15*FLOOR(BI$21/$BD15,1),"") | BJ15: =IF(BD15>0,SMALL(BE15:BI15,1),"") | BK15: =IF(BD15>0,HLOOKUP(BJ15,BE15:BI31,7,FALSE),"") | BL15: =IF(BD15>0,SMALL(BE15:BI15,1),"") | BM15: =IF(BD15>0,HLOOKUP(BL15,BE15:BI31,7,FALSE),"") | BR15: =D15*E15*C15 -> 0 | BS15: =BR15/2.88 -> 0 | BT15: =(43/28)*BR15 -> 0 | BU15: =3/28*BR15 -> 0 | BV15: =1/28*BR15 -> 0
B16: W-6 | J16: =K16 -> 0 | O16: =BK16 | P16: =E16-0.002*G16+2*F16/2 -> 0 | V16: 28mm Ø | W16: 4.8400254 | X16: =IF(C16>0,Z16*J16*VLOOKUP(I16,$V$11:$W$17,2,FALSE),"") | Y16: =IF(C16>0,O16*AA16*VLOOKUP(I16,$V$11:$W$17,2,FALSE),"") | Z16: =IF(C16>0,CEILING(C16*(IF(L16>0,D16*1000/L16,0)*D16+IF(M16>0,E16*1000/M16,0)*E16)/J16,1),"") | AA16: =IF(C16>0,CEILING(C16*P16*(Q16+R16)/O16,1),"") | AB16: =K16 -> 0 | AC16: =IF(C16>0,AC$21-$AB16*FLOOR(AC$21/$AB16,1),"") | AD16: =IF(D16>0,AD$21-$AB16*FLOOR(AD$21/$AB16,1),"") | AE16: =IF(E16>0,AE$21-$AB16*FLOOR(AE$21/$AB16,1),"") | AF16: =IF(F16>0,AF$21-$AB16*FLOOR(AF$21/$AB16,1),"") | AG16: =IF(G16>0,AG$21-$AB16*FLOOR(AG$21/$AB16,1),"") | AH16: =IF(AB16>0,SMALL(AC16:AG16,1),"") | AI16: =IF(AB16>0,HLOOKUP(AH16,AC16:AG32,6,FALSE),"") | AP16: =C16*D16*E16 -> 0 | AQ16: =F16 -> 0 | AR16: =IF(AQ16>0,$G$8,"") | AS16: =IF(AP16>0,INDIRECT(AQ16) INDIRECT(AR16),"") | AT16: =IF(AP16>0,AP16*AS16,"") | AU16: =IF(AP16>0,AP16*HLOOKUP(AQ16,$AK$10:$AM$15,6,0),"") | AV16: =IF(AP16>0,G16*AP16*VLOOKUP(AR16,$AJ$31:$AK$34,2),"") | AW16: =IF(AP16>0,$AK$35*G16*AP16,"") | AX16: =IF(AQ16=$AX$10,AP16*12.5,"") | AY16: =IF(AQ16=$AY$10,AP16*12.5,"") | AZ16: =IF(AQ16=$AZ$10,AP16*12.5,"") | BB16: =D16*E16*C16 -> 0 | BD16: =P16 -> 0 | BE16: =IF(C16>0,BE$21-$BD16*FLOOR(BE$21/$BD16,1),"") | BF16: =IF(D16>0,BF$21-$BD16*FLOOR(BF$21/$BD16,1),"") | BG16: =IF(E16>0,BG$21-$BD16*FLOOR(BG$21/$BD16,1),"") | BH16: =IF(F16>0,BH$21-$BD16*FLOOR(BH$21/$BD16,1),"") | BI16: =IF(G16>0,BI$21-$BD16*FLOOR(BI$21/$BD16,1),"") | BJ16: =IF(BD16>0,SMALL(BE16:BI16,1),"") | BK16: =IF(BD16>0,HLOOKUP(BJ16,BE16:BI32,6,FALSE),"") | BL16: =IF(BD16>0,SMALL(BE16:BI16,1),"") | BM16: =IF(BD16>0,HLOOKUP(BL16,BE16:BI32,6,FALSE),"") | BR16: =D16*E16*C16 -> 0 | BS16: =BR16/2.88 -> 0 | BT16: =(43/28)*BR16 -> 0 | BU16: =3/28*BR16 -> 0 | BV16: =1/28*BR16 -> 0
B17: W-7 | J17: =K17 -> 0 | O17: =BK17 | P17: =E17-0.002*G17+2*F17/2 -> 0 | V17: 32mm Ø | W17: 6.3216658 | X17: =IF(C17>0,Z17*J17*VLOOKUP(I17,$V$11:$W$17,2,FALSE),"") | Y17: =IF(C17>0,O17*AA17*VLOOKUP(I17,$V$11:$W$17,2,FALSE),"") | Z17: =IF(C17>0,CEILING(C17*(IF(L17>0,D17*1000/L17,0)*D17+IF(M17>0,E17*1000/M17,0)*E17)/J17,1),"") | AA17: =IF(C17>0,CEILING(C17*P17*(Q17+R17)/O17,1),"") | AB17: =K17 -> 0 | AC17: =IF(C17>0,AC$21-$AB17*FLOOR(AC$21/$AB17,1),"") | AD17: =IF(D17>0,AD$21-$AB17*FLOOR(AD$21/$AB17,1),"") | AE17: =IF(E17>0,AE$21-$AB17*FLOOR(AE$21/$AB17,1),"") | AF17: =IF(F17>0,AF$21-$AB17*FLOOR(AF$21/$AB17,1),"") | AG17: =IF(G17>0,AG$21-$AB17*FLOOR(AG$21/$AB17,1),"") | AH17: =IF(AB17>0,SMALL(AC17:AG17,1),"") | AI17: =IF(AB17>0,HLOOKUP(AH17,AC17:AG33,5,FALSE),"") | AP17: =C17*D17*E17 -> 0 | AQ17: =F17 -> 0 | AR17: =IF(AQ17>0,$G$8,"") | AS17: =IF(AP17>0,INDIRECT(AQ17) INDIRECT(AR17),"") | AT17: =IF(AP17>0,AP17*AS17,"") | AU17: =IF(AP17>0,AP17*HLOOKUP(AQ17,$AK$10:$AM$15,6,0),"") | AV17: =IF(AP17>0,G17*AP17*VLOOKUP(AR17,$AJ$31:$AK$34,2),"") | AW17: =IF(AP17>0,$AK$35*G17*AP17,"") | AX17: =IF(AQ17=$AX$10,AP17*12.5,"") | AY17: =IF(AQ17=$AY$10,AP17*12.5,"") | AZ17: =IF(AQ17=$AZ$10,AP17*12.5,"") | BB17: =D17*E17*C17 -> 0 | BD17: =P17 -> 0 | BE17: =IF(C17>0,BE$21-$BD17*FLOOR(BE$21/$BD17,1),"") | BF17: =IF(D17>0,BF$21-$BD17*FLOOR(BF$21/$BD17,1),"") | BG17: =IF(E17>0,BG$21-$BD17*FLOOR(BG$21/$BD17,1),"") | BH17: =IF(F17>0,BH$21-$BD17*FLOOR(BH$21/$BD17,1),"") | BI17: =IF(G17>0,BI$21-$BD17*FLOOR(BI$21/$BD17,1),"") | BJ17: =IF(BD17>0,SMALL(BE17:BI17,1),"") | BK17: =IF(BD17>0,HLOOKUP(BJ17,BE17:BI33,5,FALSE),"") | BL17: =IF(BD17>0,SMALL(BE17:BI17,1),"") | BM17: =IF(BD17>0,HLOOKUP(BL17,BE17:BI33,5,FALSE),"") | BR17: =D17*E17*C17 -> 0 | BS17: =BR17/2.88 -> 0 | BT17: =(43/28)*BR17 -> 0 | BU17: =3/28*BR17 -> 0 | BV17: =1/28*BR17 -> 0
B18: W-8 | J18: =K18 -> 0 | O18: =BK18 | P18: =E18-0.002*G18+2*F18/2 -> 0 | X18: =IF(C18>0,Z18*J18*VLOOKUP(I18,$V$11:$W$17,2,FALSE),"") | Y18: =IF(C18>0,O18*AA18*VLOOKUP(I18,$V$11:$W$17,2,FALSE),"") | Z18: =IF(C18>0,CEILING(C18*(IF(L18>0,D18*1000/L18,0)*D18+IF(M18>0,E18*1000/M18,0)*E18)/J18,1),"") | AA18: =IF(C18>0,CEILING(C18*P18*(Q18+R18)/O18,1),"") | AB18: =K18 -> 0 | AC18: =IF(C18>0,AC$21-$AB18*FLOOR(AC$21/$AB18,1),"") | AD18: =IF(D18>0,AD$21-$AB18*FLOOR(AD$21/$AB18,1),"") | AE18: =IF(E18>0,AE$21-$AB18*FLOOR(AE$21/$AB18,1),"") | AF18: =IF(F18>0,AF$21-$AB18*FLOOR(AF$21/$AB18,1),"") | AG18: =IF(G18>0,AG$21-$AB18*FLOOR(AG$21/$AB18,1),"") | AH18: =IF(AB18>0,SMALL(AC18:AG18,1),"") | AI18: =IF(AB18>0,HLOOKUP(AH18,AC18:AG34,4,FALSE),"") | AP18: =C18*D18*E18 -> 0 | AQ18: =F18 -> 0 | AR18: =IF(AQ18>0,$G$8,"") | AS18: =IF(AP18>0,INDIRECT(AQ18) INDIRECT(AR18),"") | AT18: =IF(AP18>0,AP18*AS18,"") | AU18: =IF(AP18>0,AP18*HLOOKUP(AQ18,$AK$10:$AM$15,6,0),"") | AV18: =IF(AP18>0,G18*AP18*VLOOKUP(AR18,$AJ$31:$AK$34,2),"") | AW18: =IF(AP18>0,$AK$35*G18*AP18,"") | AX18: =IF(AQ18=$AX$10,AP18*12.5,"") | AY18: =IF(AQ18=$AY$10,AP18*12.5,"") | AZ18: =IF(AQ18=$AZ$10,AP18*12.5,"") | BB18: =D18*E18*C18 -> 0 | BD18: =P18 -> 0 | BE18: =IF(C18>0,BE$21-$BD18*FLOOR(BE$21/$BD18,1),"") | BF18: =IF(D18>0,BF$21-$BD18*FLOOR(BF$21/$BD18,1),"") | BG18: =IF(E18>0,BG$21-$BD18*FLOOR(BG$21/$BD18,1),"") | BH18: =IF(F18>0,BH$21-$BD18*FLOOR(BH$21/$BD18,1),"") | BI18: =IF(G18>0,BI$21-$BD18*FLOOR(BI$21/$BD18,1),"") | BJ18: =IF(BD18>0,SMALL(BE18:BI18,1),"") | BK18: =IF(BD18>0,HLOOKUP(BJ18,BE18:BI34,4,FALSE),"") | BL18: =IF(BD18>0,SMALL(BE18:BI18,1),"") | BM18: =IF(BD18>0,HLOOKUP(BL18,BE18:BI34,4,FALSE),"") | BR18: =D18*E18*C18 -> 0 | BS18: =BR18/2.88 -> 0 | BT18: =(43/28)*BR18 -> 0 | BU18: =3/28*BR18 -> 0 | BV18: =1/28*BR18 -> 0
B19: W-9 | J19: =K19 -> 0 | O19: =BK19 | P19: =E19-0.002*G19+2*F19/2 -> 0 | X19: =IF(C19>0,Z19*J19*VLOOKUP(I19,$V$11:$W$17,2,FALSE),"") | Y19: =IF(C19>0,O19*AA19*VLOOKUP(I19,$V$11:$W$17,2,FALSE),"") | Z19: =IF(C19>0,CEILING(C19*(IF(L19>0,D19*1000/L19,0)*D19+IF(M19>0,E19*1000/M19,0)*E19)/J19,1),"") | AA19: =IF(C19>0,CEILING(C19*P19*(Q19+R19)/O19,1),"") | AB19: =K19 -> 0 | AC19: =IF(C19>0,AC$21-$AB19*FLOOR(AC$21/$AB19,1),"") | AD19: =IF(D19>0,AD$21-$AB19*FLOOR(AD$21/$AB19,1),"") | AE19: =IF(E19>0,AE$21-$AB19*FLOOR(AE$21/$AB19,1),"") | AF19: =IF(F19>0,AF$21-$AB19*FLOOR(AF$21/$AB19,1),"") | AG19: =IF(G19>0,AG$21-$AB19*FLOOR(AG$21/$AB19,1),"") | AH19: =IF(AB19>0,SMALL(AC19:AG19,1),"") | AI19: =IF(AB19>0,HLOOKUP(AH19,AC19:AG35,3,FALSE),"") | AP19: =C19*D19*E19 -> 0 | AQ19: =F19 -> 0 | AR19: =IF(AQ19>0,$G$8,"") | AS19: =IF(AP19>0,INDIRECT(AQ19) INDIRECT(AR19),"") | AT19: =IF(AP19>0,AP19*AS19,"") | AU19: =IF(AP19>0,AP19*HLOOKUP(AQ19,$AK$10:$AM$15,6,0),"") | AV19: =IF(AP19>0,G19*AP19*VLOOKUP(AR19,$AJ$31:$AK$34,2),"") | AW19: =IF(AP19>0,$AK$35*G19*AP19,"") | AX19: =IF(AQ19=$AX$10,AP19*12.5,"") | AY19: =IF(AQ19=$AY$10,AP19*12.5,"") | AZ19: =IF(AQ19=$AZ$10,AP19*12.5,"") | BB19: =D19*E19*C19 -> 0 | BD19: =P19 -> 0 | BE19: =IF(C19>0,BE$21-$BD19*FLOOR(BE$21/$BD19,1),"") | BF19: =IF(D19>0,BF$21-$BD19*FLOOR(BF$21/$BD19,1),"") | BG19: =IF(E19>0,BG$21-$BD19*FLOOR(BG$21/$BD19,1),"") | BH19: =IF(F19>0,BH$21-$BD19*FLOOR(BH$21/$BD19,1),"") | BI19: =IF(G19>0,BI$21-$BD19*FLOOR(BI$21/$BD19,1),"") | BJ19: =IF(BD19>0,SMALL(BE19:BI19,1),"") | BK19: =IF(BD19>0,HLOOKUP(BJ19,BE19:BI35,3,FALSE),"") | BL19: =IF(BD19>0,SMALL(BE19:BI19,1),"") | BM19: =IF(BD19>0,HLOOKUP(BL19,BE19:BI35,3,FALSE),"") | BR19: =D19*E19*C19 -> 0 | BS19: =BR19/2.88 -> 0 | BT19: =(43/28)*BR19 -> 0 | BU19: =3/28*BR19 -> 0 | BV19: =1/28*BR19 -> 0
B20: W-10 | J20: =K20 -> 0 | O20: =BK20 | P20: =E20-0.002*G20+2*F20/2 -> 0 | X20: =IF(C20>0,Z20*J20*VLOOKUP(I20,$V$11:$W$17,2,FALSE),"") | Y20: =IF(C20>0,O20*AA20*VLOOKUP(I20,$V$11:$W$17,2,FALSE),"") | Z20: =IF(C20>0,CEILING(C20*(IF(L20>0,D20*1000/L20,0)*D20+IF(M20>0,E20*1000/M20,0)*E20)/J20,1),"") | AA20: =IF(C20>0,CEILING(C20*P20*(Q20+R20)/O20,1),"") | AB20: =K20 -> 0 | AC20: =IF(C20>0,AC$21-$AB20*FLOOR(AC$21/$AB20,1),"") | AD20: =IF(D20>0,AD$21-$AB20*FLOOR(AD$21/$AB20,1),"") | AE20: =IF(E20>0,AE$21-$AB20*FLOOR(AE$21/$AB20,1),"") | AF20: =IF(F20>0,AF$21-$AB20*FLOOR(AF$21/$AB20,1),"") | AG20: =IF(G20>0,AG$21-$AB20*FLOOR(AG$21/$AB20,1),"") | AH20: =IF(AB20>0,SMALL(AC20:AG20,1),"") | AI20: =IF(AB20>0,HLOOKUP(AH20,AC20:AG36,2,FALSE),"") | AP20: =C20*D20*E20 -> 0 | AQ20: =F20 -> 0 | AR20: =IF(AQ20>0,$G$8,"") | AS20: =IF(AP20>0,INDIRECT(AQ20) INDIRECT(AR20),"") | AT20: =IF(AP20>0,AP20*AS20,"") | AU20: =IF(AP20>0,AP20*HLOOKUP(AQ20,$AK$10:$AM$15,6,0),"") | AV20: =IF(AP20>0,G20*AP20*VLOOKUP(AR20,$AJ$31:$AK$34,2),"") | AW20: =IF(AP20>0,$AK$35*G20*AP20,"") | AX20: =IF(AQ20=$AX$10,AP20*12.5,"") | AY20: =IF(AQ20=$AY$10,AP20*12.5,"") | AZ20: =IF(AQ20=$AZ$10,AP20*12.5,"") | BB20: =D20*E20*C20 -> 0 | BD20: =P20 -> 0 | BE20: =IF(C20>0,BE$21-$BD20*FLOOR(BE$21/$BD20,1),"") | BF20: =IF(D20>0,BF$21-$BD20*FLOOR(BF$21/$BD20,1),"") | BG20: =IF(E20>0,BG$21-$BD20*FLOOR(BG$21/$BD20,1),"") | BH20: =IF(F20>0,BH$21-$BD20*FLOOR(BH$21/$BD20,1),"") | BI20: =IF(G20>0,BI$21-$BD20*FLOOR(BI$21/$BD20,1),"") | BJ20: =IF(BD20>0,SMALL(BE20:BI20,1),"") | BK20: =IF(BD20>0,HLOOKUP(BJ20,BE20:BI36,2,FALSE),"") | BL20: =IF(BD20>0,SMALL(BE20:BI20,1),"") | BM20: =IF(BD20>0,HLOOKUP(BL20,BE20:BI36,2,FALSE),"") | BR20: =D20*E20*C20 -> 0 | BS20: =BR20/2.88 -> 0 | BT20: =(43/28)*BR20 -> 0 | BU20: =3/28*BR20 -> 0 | BV20: =1/28*BR20 -> 0
X21: =SUM(X11:X17) -> 56.006008 | Y21: =SUM(Y11:Y17) -> 0 | AC21: 6 | AD21: =AC21+1.5 -> 7.5 | AE21: =AD21+1.5 -> 9 | AF21: =AE21+1.5 -> 10.5 | AG21: =AF21+1.5 -> 12 | AP21: =SUM(AP11:AP20) -> 21.6 | AT21: =SUM(AT11:AT20) -> 21.9888 | AU21: =SUM(AU11:AU20) -> 1.82304 | AV21: =SUM(AV11:AV20) -> 12.96 | AW21: =SUM(AW11:AW20) -> 1.08 | AX21: =SUM(AX11:AX20) -> 0 | AY21: =SUM(AY11:AY20) -> 270 | AZ21: =SUM(AZ11:AZ20) -> 0 | BE21: 6 | BF21: =BE21+1.5 -> 7.5 | BG21: =BF21+1.5 -> 9 | BH21: =BG21+1.5 -> 10.5 | BI21: =BH21+1.5 -> 12 | BR21: =SUM(BR11:BR20) -> 21.6 | BS21: =CEILING(SUM(BS11:BS20),1) -> 8 | BT21: =CEILING(SUM(BT11:BT20),1) -> 34 | BU21: =CEILING(SUM(BU11:BU20),1) -> 3 | BV21: =CEILING(SUM(BV11:BV20),1) -> 1
F22: MATERIALS | X22: =X21+Y21 -> 56.006008
X23: Tie Wire | Y23: =CEILING(0.013*X22,0.5) -> 1 | AO23: Cement | AP23: =CEILING(AT21+AV21,1) -> 35
F24: FOOTING | G24: ITEM | H24: QUANTITY | I24: UNIT | J24: PRICE | K24: TOTAL COST | AO24: Sand | AP24: =SUM(AU21+AW21) -> 2.90304 | AW24: 100mm CHB | AX24: =CEILING(AX21,10) -> 0
G25: ='Materials Price List'!A8 -> Cement | H25: =AP23 -> 35 | I25: bags | J25: =IF(H25="","",VLOOKUP(G25,'Materials Price List'!$A$8:$B$46,2,FALSE)) -> 220 | K25: =IF(H25="","",H25*J25) -> 7700 | AW25: 150mm CHB | AX25: =CEILING(AY21,10) -> 270
G26: ='Materials Price List'!A9 -> Sand | H26: =AP24 -> 2.90304 | I26: cu.m | J26: =IF(H26="","",VLOOKUP(G26,'Materials Price List'!$A$8:$B$46,2,FALSE)) -> 875 | K26: =IF(H26="","",H26*J26) -> 2540.16 | AW26: 200mm CHB | AX26: =CEILING(AZ21,10) -> 0
G27: Tie Wire | H27: =Y23 -> 1 | I27: kg | J27: =IF(H27="","",VLOOKUP(G27,'Materials Price List'!$A$8:$B$46,2,FALSE)) -> 95 | K27: =IF(H27="","",H27*J27) -> 95
G28: 100mm CHB | H28: =AX24 -> 0 | I28: pcs | J28: =IF(H28="","",VLOOKUP(G28,'Materials Price List'!$A$8:$B$419,2,FALSE)) -> 14 | K28: =IF(H28="","",H28*J28) -> 0
G29: 150mm CHB | H29: =AX25 -> 270 | I29: pcs | J29: =IF(H29="","",VLOOKUP(G29,'Materials Price List'!$A$8:$B$419,2,FALSE)) -> 18 | K29: =IF(H29="","",H29*J29) -> 4860
G30: 200mm CHB | H30: =AX26 -> 0 | I30: pcs | J30: =IF(H30="","",VLOOKUP(G30,'Materials Price List'!$A$8:$B$419,2,FALSE)) -> 25 | K30: =IF(H30="","",H30*J30) -> 0
F31: =IF(C11>0,B11,"") -> W-1 | G31: =IF(C11>0,CONCATENATE(I11," X ",J11,"m"),"") -> 12mm Ø X 9m | H31: =Z11 -> 7 | I31: =IF(H31="","","pcs") -> pcs | J31: =IF(H31="","",VLOOKUP(G31,'Materials Price List'!$A$8:$B$46,2)) -> 354.40141 | K31: =IF(H31="","",H31*J31) -> 2480.8099 | AJ31: A | AK31: 0.45
F32: =IF(C12>0,B12,"") | G32: =IF(C12>0,CONCATENATE(I12," X ",J12,"m"),"") | H32: =Z12 | I32: =IF(H32="","","pcs") | J32: =IF(H32="","",VLOOKUP(G32,'Materials Price List'!$A$8:$B$46,2)) | K32: =IF(H32="","",H32*J32) | AJ32: B | AK32: 0.3
F33: =IF(C13>0,B13,"") | G33: =IF(C13>0,CONCATENATE(I13," X ",J13,"m"),"") | H33: =Z13 | I33: =IF(H33="","","pcs") | J33: =IF(H33="","",VLOOKUP(G33,'Materials Price List'!$A$8:$B$46,2)) | K33: =IF(H33="","",H33*J33) | AJ33: C_ | AK33: 0.225
F34: =IF(C14>0,B14,"") | G34: =IF(C14>0,CONCATENATE(I14," X ",J14,"m"),"") | H34: =Z14 | I34: =IF(H34="","","pcs") | J34: =IF(H34="","",VLOOKUP(G34,'Materials Price List'!$A$8:$B$46,2)) | K34: =IF(H34="","",H34*J34) | AJ34: D | AK34: 0.188
F35: =IF(C15>0,B15,"") | G35: =IF(C15>0,CONCATENATE(I15," X ",J15,"m"),"") | H35: =Z15 | I35: =IF(H35="","","pcs") | J35: =IF(H35="","",VLOOKUP(G35,'Materials Price List'!$A$8:$B$46,2)) | K35: =IF(H35="","",H35*J35) | AJ35: SAND | AK35: 0.025
F36: =IF(C16>0,B16,"") | G36: =IF(C16>0,CONCATENATE(I16," X ",J16,"m"),"") | H36: =Z16 | I36: =IF(H36="","","pcs") | J36: =IF(H36="","",VLOOKUP(G36,'Materials Price List'!$A$8:$B$46,2)) | K36: =IF(H36="","",H36*J36)
F37: =IF(C17>0,B17,"") | G37: =IF(C17>0,CONCATENATE(I17," X ",J17,"m"),"") | H37: =Z17 | I37: =IF(H37="","","pcs") | J37: =IF(H37="","",VLOOKUP(G37,'Materials Price List'!$A$8:$B$46,2)) | K37: =IF(H37="","",H37*J37)
F38: =IF(C18>0,B18,"") | G38: =IF(C18>0,CONCATENATE(I18," X ",J18,"m"),"") | H38: =Z18 | I38: =IF(H38="","","pcs") | J38: =IF(H38="","",VLOOKUP(G38,'Materials Price List'!$A$8:$B$46,2)) | K38: =IF(H38="","",H38*J38)
F39: =IF(C19>0,B19,"") | G39: =IF(C19>0,CONCATENATE(I19," X ",J19,"m"),"") | H39: =Z19 | I39: =IF(H39="","","pcs") | J39: =IF(H39="","",VLOOKUP(G39,'Materials Price List'!$A$8:$B$46,2)) | K39: =IF(H39="","",H39*J39)
F40: =IF(C20>0,B20,"") | G40: =IF(C20>0,CONCATENATE(I20," X ",J20,"m"),"") | H40: =Z20 | I40: =IF(H40="","","pcs") | J40: =IF(H40="","",VLOOKUP(G40,'Materials Price List'!$A$8:$B$46,2)) | K40: =IF(H40="","",H40*J40)
F41: TOTAL MATERIAL COST = | K41: =SUM(K25:K40) -> 17675.97
F42: LABOR COST (% of Materials) = | J42: 0.35 | K42: =J42*K41 -> 6186.5895
H45: TOTAL COST = | K45: =K41+K42 -> 23862.559

Sheet Materials Price List
A7: Name | B7: Price
A8: Cement | B8: 220
A9: Sand | B9: =1750/2 -> 875
A10: Gravel | B10: =3750/2 -> 1875
A11: Tie Wire | B11: 95
A12: 10mm Ø X 6m | B12: 165
A13: 10mm Ø X 7.5m | B13: 205.66901
A14: 10mm Ø X 9m | B14: 247.5
A15: 10mm Ø X 10.5m | B15: 288.16901
A16: 10mm Ø X 12m | B16: 328.83803
A17: 12mm Ø X 6m | B17: 235.88028
A18: 12mm Ø X 7.5m | B18: 295.14085
A19: 12mm Ø X 9m | B19: 354.40141
A20: 12mm Ø X 10.5m | B20: 413.66197
A21: 12mm Ø X 12m | B21: 471.76056
A22: 16mm Ø X 6m | B22: 419.47183
... A56: Common Nail 3" | B56: 90
